"name","V1","V2","antigen","antiserum","Country","Subtype","year","cluster"
"0013095_2_11",2.49902411353898,3.72295544977178,TRUE,FALSE,"INDIA","C",2000,"C"
"001428_2_42",2.56609828157542,2.86728764015073,TRUE,FALSE,"INDIA","C",2000,"C"
"0077_V1_C16",2.89725705567278,3.32494007039794,TRUE,FALSE,"TANZANIA","C",2003,"C"
"00836_2_5",4.59852730689181,3.56548341131962,TRUE,FALSE,"INDIA","C",2000,"C"
"036_BT_SGA4",2.97194622206279,1.9316506216305,TRUE,FALSE,"SOUTH AFRICA","C",2015,"C"
"079_LN_SGA3",4.15097441266704,1.01284477910018,TRUE,FALSE,"SOUTH AFRICA","C",2016,"C"
"079_LN_SGA9",3.08714440205049,1.44451613265472,TRUE,FALSE,"SOUTH AFRICA","C",2016,"C"
"079_PBMC_SGA12",1.84517309244798,2.42667553760074,TRUE,FALSE,"SOUTH AFRICA","C",2016,"C"
"079_PBMC_SGA17",4.18211094360967,1.78202778473458,TRUE,FALSE,"SOUTH AFRICA","C",2016,"C"
"079_PBMC_SGA7",4.43807271320263,1.67092399500492,TRUE,FALSE,"SOUTH AFRICA","C",2016,"C"
"0921_V2_C14",2.91832817985386,3.69313513390475,TRUE,FALSE,"TANZANIA","C",2004,"C"
"093_AT_SGA1",1.67823496493093,2.45966149416428,TRUE,FALSE,"SOUTH AFRICA","C",2015,"C"
"093_BT_SGA13",2.42028839153787,0.99953915711604,TRUE,FALSE,"SOUTH AFRICA","C",2014,"C"
"093_BT_SGA3",1.44479361179721,2.35740003954832,TRUE,FALSE,"SOUTH AFRICA","C",2014,"C"
"100002I_2_1",3.38044526045723,1.91848938946503,TRUE,FALSE,"UNITED STATES","B",1993,"B"
"100014I_2_20",2.30441960076932,0.999961876020639,TRUE,FALSE,"UNITED STATES","B",1993,"B"
"100046I_3_2",1.40821539832406,1.48325449542378,TRUE,FALSE,"UNITED STATES","B",1993,"B"
"100052I_2_15",1.60672771773904,0.56275904490972,TRUE,FALSE,"UNITED STATES","B",1993,"B"
"100155I_21",2.27913395513558,1.23290405429901,TRUE,FALSE,"UNITED STATES","B",1992,"B"
"100307I_2_26",2.08417376357297,1.3902181040396,TRUE,FALSE,"UNITED STATES","B",1991,"B"
"100307I_2_7",2.23488865470013,1.28246544592923,TRUE,FALSE,"UNITED STATES","B",1991,"B"
"100383I_3_5",3.10697220420721,0.997290870012043,TRUE,FALSE,"UNITED STATES","B",1991,"B"
"100504I_20",3.45382550760414,1.0332029040293,TRUE,FALSE,"UNITED STATES","B",1993,"B"
"1006_11_C3_1601",2.52018034128566,0.672760499380991,TRUE,FALSE,"UNITED STATES","B",1997,"B"
"100890I_2_1",3.01985989500449,1.05183053427848,TRUE,FALSE,"UNITED STATES","B",1991,"B"
"100890I_2_4",3.18019129911302,0.817217280785652,TRUE,FALSE,"UNITED STATES","B",1991,"B"
"100997I_2_18",3.09737608614129,-0.0129171531063938,TRUE,FALSE,"UNITED STATES","B",1991,"B"
"100997I_2_2",4.15069794356826,0.474011236453735,TRUE,FALSE,"UNITED STATES","B",1991,"B"
"1012_11_TC21_3257",1.99949549102653,2.40171583853364,TRUE,FALSE,"UNITED STATES","B",1997,"B"
"101421I_2_11",2.98645589637932,1.03872828136694,TRUE,FALSE,"UNITED STATES","B",1991,"B"
"101421I_2_23",2.89468409690915,1.05099796934613,TRUE,FALSE,"UNITED STATES","B",1991,"B"
"101984I_10",3.11928690472176,1.92884153944363,TRUE,FALSE,"UNITED STATES","B",1991,"B"
"101984I_21",3.88592868560785,1.7192352180463,TRUE,FALSE,"UNITED STATES","B",1991,"B"
"102_AT_SGA1",1.8420203665835,2.61410689657162,TRUE,FALSE,"SOUTH AFRICA","C",2016,"C"
"102_BT_SGA3",4.76695011658261,2.3060775190145,TRUE,FALSE,"SOUTH AFRICA","C",2015,"C"
"102149I_2_23",1.90360571672189,2.2454642566618,TRUE,FALSE,"UNITED STATES","B",1993,"B"
"102407I_2_1",1.66693118396244,0.600207143595091,TRUE,FALSE,"UNITED STATES","B",1993,"B"
"102605I_33",3.27868865958065,0.402383895711366,TRUE,FALSE,"UNITED STATES","B",1992,"B"
"1054_07_TC4_1499",3.90309277156783,1.50698506132591,TRUE,FALSE,"UNITED STATES","B",1997,"B"
"1056_10_TA11_1826",1.47210948174646,1.52999119246462,TRUE,FALSE,"UNITED STATES","B",1998,"B"
"1170887_08",2.87852144453796,3.8761945302009,TRUE,FALSE,"SOUTH AFRICA","C",2008,"C"
"1394_C9G1",1.87854008411803,3.07260925040967,TRUE,FALSE,"MALAWI","C",2004,"C"
"16055_2_3",2.87638002283135,2.23435182599332,TRUE,FALSE,"INDIA","C",1999,"C"
"16055_2_3_DELGLY3_197",2.87581441563054,3.53280159645113,TRUE,FALSE,"INDIA","C",1999,"C"
"16055_2_3_DELGLY3_276",2.82767649794437,1.42109365603271,TRUE,FALSE,"INDIA","C",1999,"C"
"16055_2_3_DELGLY3_463",3.13578999321025,2.61672150251863,TRUE,FALSE,"INDIA","C",1999,"C"
"16055_2_3_DELGLY4",3.11278468361943,2.41504465598405,TRUE,FALSE,"INDIA","C",1999,"C"
"16845_2_22",3.18574533261057,4.22657646042973,TRUE,FALSE,"INDIA","C",1999,"C"
"16936_2_21",3.09859641992092,2.14596952914047,TRUE,FALSE,"INDIA","C",1999,"C"
"186_AT_SGA1",3.42182910628443,2.52043137428039,TRUE,FALSE,"SOUTH AFRICA","C",2015,"C"
"186_AT_SGA5",2.84659213106659,0.741286596624965,TRUE,FALSE,"SOUTH AFRICA","C",2015,"C"
"186_BT_SGA1",4.45328969303577,2.25004784354198,TRUE,FALSE,"SOUTH AFRICA","C",2014,"C"
"19707346_E8_C6",2.29658257232934,4.00656395135267,TRUE,FALSE,"SOUTH AFRICA","C",2006,"C"
"20286961_C1_H8",2.09839427865229,3.10526762916568,TRUE,FALSE,"SOUTH AFRICA","C",2009,"C"
"20883229_C9_H6",3.56626954618854,3.15105327437969,TRUE,FALSE,"SOUTH AFRICA","C",2008,"C"
"20915593",2.0348249030725,4.45444601773524,TRUE,FALSE,"SOUTH AFRICA","C",2008,"C"
"20927783",2.22584975946511,4.31300471830321,TRUE,FALSE,"SOUTH AFRICA","C",2008,"C"
"20965238",4.34302430395816,2.67237617893468,TRUE,FALSE,"SOUTH AFRICA","C",2009,"C"
"21197826_V1",5.50899714238938,3.47786331957723,TRUE,FALSE,"SOUTH AFRICA","C",2009,"C"
"21283649",4.29594689131504,2.29309442216546,TRUE,FALSE,"SOUTH AFRICA","C",2009,"C"
"21492713_B11_E3",3.94021885952916,1.75607441809639,TRUE,FALSE,"SOUTH AFRICA","C",2009,"C"
"21502011_F12_E2",4.46120730856512,2.30380575992803,TRUE,FALSE,"SOUTH AFRICA","C",2009,"C"
"21561324_D3_B5",1.91549252657693,3.67407395427179,TRUE,FALSE,"SOUTH AFRICA","C",2009,"C"
"234_F1_16_57",1.61095653920589,3.90565274819115,TRUE,FALSE,"TANZANIA","C",2001,"C"
"249M_B10",3.1525487181779,3.35589319492554,TRUE,FALSE,"ZAMBIA","C",2003,"C"
"25710_2_43",2.18668572640424,2.89657426692484,TRUE,FALSE,"INDIA","C",1999,"C"
"25711_2_4",2.32489479258995,2.7218785213167,TRUE,FALSE,"INDIA","C",1999,"C"
"25925_2_22",2.17779197349464,2.73494058037494,TRUE,FALSE,"INDIA","C",1999,"C"
"26191_2_48",2.14570561976576,2.82908488065074,TRUE,FALSE,"INDIA","C",2000,"C"
"288_38",2.43604248729112,2.40721231805243,TRUE,FALSE,"ETHIOPIA","C",2002,"C"
"2969249",5.50221580353305,3.70284763964299,TRUE,FALSE,"SOUTH AFRICA","C",2007,"C"
"304_F2_1_11",3.4819455653448,3.54531589461669,TRUE,FALSE,"TANZANIA","C",2001,"C"
"3168_V4_C10",3.12179930413561,3.08494446101563,TRUE,FALSE,"TANZANIA","C",2005,"C"
"318_TF_SGA2",2.41442366324708,2.11776714761155,TRUE,FALSE,"SOUTH AFRICA","C",2014,"C"
"329_14_B1",1.585727413315,2.46562503978226,TRUE,FALSE,"INDIA","C",2014,"C"
"329_14_B4",1.48963492225413,2.16170014411173,TRUE,FALSE,"INDIA","C",2014,"C"
"329_15_A1",2.65623023496003,3.87518900041963,TRUE,FALSE,"INDIA","C",2015,"C"
"329_15_B1",2.48631129113781,3.46170704812834,TRUE,FALSE,"INDIA","C",2015,"C"
"329_16_C1",3.44625009414134,3.67959878026019,TRUE,FALSE,"INDIA","C",2016,"C"
"329_16_D5",3.41938597069128,3.98271818398034,TRUE,FALSE,"INDIA","C",2016,"C"
"330_14_A12",1.39305450032552,3.02572522720146,TRUE,FALSE,"INDIA","C",2014,"C"
"330_14_A20",1.74926005775276,3.58952996951359,TRUE,FALSE,"INDIA","C",2014,"C"
"330_15_C36",2.40519553079477,4.2318129826706,TRUE,FALSE,"INDIA","C",2015,"C"
"330_15_D36",2.41334299841736,4.27087489533543,TRUE,FALSE,"INDIA","C",2015,"C"
"330_15_E36",1.97196377205672,4.56254165601998,TRUE,FALSE,"INDIA","C",2015,"C"
"330_16_A2",3.44844992580486,4.18456537824765,TRUE,FALSE,"INDIA","C",2016,"C"
"330_16_D4",3.55202797660165,4.15469949006401,TRUE,FALSE,"INDIA","C",2016,"C"
"330_16_E6",1.52722653877392,2.86497315093066,TRUE,FALSE,"INDIA","C",2016,"C"
"330_16_H2",3.11093006185543,4.23149917314916,TRUE,FALSE,"INDIA","C",2016,"C"
"3301_V1_C24",2.64139065220988,3.28328921379826,TRUE,FALSE,"TANZANIA","C",2003,"C"
"346_F4_D2_12",2.75701516167199,1.05378768465612,TRUE,FALSE,"TANZANIA","C",2001,"C"
"3637_V5_C3",5.48678072550471,4.46431415149812,TRUE,FALSE,"TANZANIA","C",2005,"C"
"3873_V1_C24",3.12509563358355,3.08898235707564,TRUE,FALSE,"TANZANIA","C",2003,"C"
"3988_25",1.57095708990379,1.88517139871109,TRUE,FALSE,"UNITED STATES","B",1995,"B"
"45_01DG5",1.67866545517901,1.94167440221426,TRUE,FALSE,"UNITED STATES","B",2001,"B"
"451_AT_SGA5",4.46966698307972,1.99242523734889,TRUE,FALSE,"SOUTH AFRICA","C",2015,"C"
"451_TF_SGA2",2.24315589889171,2.52038722449902,TRUE,FALSE,"SOUTH AFRICA","C",2015,"C"
"541_F1_A7_2",2.50662785887093,3.90644258634924,TRUE,FALSE,"TANZANIA","C",2000,"C"
"556_F2_3_25",4.08836605140921,2.32217626152667,TRUE,FALSE,"TANZANIA","C",2001,"C"
"569_F1_37_10",4.689307596668,2.48339694527789,TRUE,FALSE,"TANZANIA","C",2001,"C"
"5768_4",1.43928559966504,1.40885439724088,TRUE,FALSE,"UNITED STATES","B",1995,"B"
"6022_V7_C24",3.19755740253468,3.51317401898546,TRUE,FALSE,"TANZANIA","C",2006,"C"
"6146_V7_C23",1.91057971837198,3.99124721019194,TRUE,FALSE,"TANZANIA","C",2006,"C"
"62357_14_D3_4589",3.99875342482601,1.66489357146965,TRUE,FALSE,"UNITED STATES","B",1997,"B"
"6240_08_TA5_4622",3.4094309352759,0.432393507854977,TRUE,FALSE,"UNITED STATES","B",1995,"B"
"6322_V4_C1",2.03420169506607,5.85435551779018,TRUE,FALSE,"TANZANIA","C",2005,"C"
"6471_V1_C16",3.55130393916213,6.34226857967925,TRUE,FALSE,"TANZANIA","C",2003,"C"
"651_AT_SGA5",2.87010860573793,2.63469168347489,TRUE,FALSE,"SOUTH AFRICA","C",2016,"C"
"651_AT_SGA8",2.7260962941162,2.66551020401603,TRUE,FALSE,"SOUTH AFRICA","C",2016,"C"
"651_LN_C40",2.25125799744441,2.47854438438175,TRUE,FALSE,"SOUTH AFRICA","C",2016,"C"
"651_LN_C43",2.20306002236029,2.60448622092851,TRUE,FALSE,"SOUTH AFRICA","C",2016,"C"
"6535_3",1.68438179612032,1.0442526586999,TRUE,FALSE,"UNITED STATES","B",1995,"B"
"6631_V3_C10",4.54322899499423,4.93368296164067,TRUE,FALSE,"TANZANIA","C",2004,"C"
"6644_V2_C33",2.9121998729955,2.25892780303042,TRUE,FALSE,"TANZANIA","C",2004,"C"
"6785_V5_C14",2.28191241156669,3.14950663079787,TRUE,FALSE,"TANZANIA","C",2005,"C"
"6838_V1_C35",2.72597516163767,3.36205472279687,TRUE,FALSE,"TANZANIA","C",2003,"C"
"700010040_C9_4520",3.4231366790635,1.23785540583131,TRUE,FALSE,"UNITED STATES","B",2006,"B"
"703010054_2A2",2.28039692259211,4.91452359079102,TRUE,FALSE,"MALAWI","C",2007,"C"
"703010131_1E2",0.900214665102457,4.63335430190657,TRUE,FALSE,"MALAWI","C",2007,"C"
"703010200_1E5",4.01237000365544,0.814666405430355,TRUE,FALSE,"MALAWI","C",2007,"C"
"703010217_B6",1.52557921595994,3.0456472912784,TRUE,FALSE,"MALAWI","C",2007,"C"
"704010042_2E5",1.39107519974291,4.14961103883658,TRUE,FALSE,"SOUTH AFRICA","C",2007,"C"
"704809221_1B3",1.46058562881445,2.98629538578851,TRUE,FALSE,"SOUTH AFRICA","C",2007,"C"
"704810053_2B7",0.865694587009974,4.22280565589316,TRUE,FALSE,"SOUTH AFRICA","C",2007,"C"
"705010185_TF",1.47892967518648,5.10484279810616,TRUE,FALSE,"SOUTH AFRICA","C",2007,"C"
"722_G4_16",2.66063940592557,3.69030083320267,TRUE,FALSE,"SOUTH AFRICA","C",2007,"C"
"92BR020",4.07118756416175,2.03723376368176,TRUE,FALSE,"BRAZIL","B",1992,"B"
"92BR025_9",2.37392876073692,2.22178141091901,TRUE,FALSE,"BRAZIL","C",1992,"C"
"92US715",1.5675451362924,1.25705398004358,TRUE,FALSE,"UNITED STATES","B",1992,"B"
"93IN905",3.41064919681926,2.75307877344528,TRUE,FALSE,"INDIA","C",1993,"C"
"93MW959",1.88276976649488,3.50430197712447,TRUE,FALSE,"MALAWI","C",1993,"C"
"93TH305",2.69142741380128,0.775364924623676,TRUE,FALSE,"THAILAND","B",1993,"B"
"97ZA009",2.44385240123805,3.17389714066501,TRUE,FALSE,"SOUTH AFRICA","C",1997,"C"
"98_F4_H5_13",4.26164263217201,4.9608896139782,TRUE,FALSE,"TANZANIA","C",2000,"C"
"AC10_29",1.49788650599214,2.7560806203823,TRUE,FALSE,"UNITED STATES","B",1998,"B"
"ADA",0.742417567082895,1.23499371127608,TRUE,FALSE,"UNITED STATES","B",1986,"B"
"AIIMS731_73105B",1.95957306548737,3.7691120713937,TRUE,FALSE,"INDIA","C",2017,"C"
"AIIMS731_73105C",1.98817972971403,3.62989285189762,TRUE,FALSE,"INDIA","C",2017,"C"
"AIIMS731_73105D",1.88922102174233,3.65524979255816,TRUE,FALSE,"INDIA","C",2017,"C"
"AIIMS731_73105E",1.84231567260613,3.73128061170588,TRUE,FALSE,"INDIA","C",2017,"C"
"AIIMS731_73105H",3.31832346112958,3.48448205417438,TRUE,FALSE,"INDIA","C",2017,"C"
"AIIMS731_73106F",3.33699359022361,3.72731298013743,TRUE,FALSE,"INDIA","C",2017,"C"
"AMC009_1B5",3.96191807043694,1.46211989975967,TRUE,FALSE,"NETHERLANDS","B",1986,"B"
"APV_13",2.86144850540564,1.13803787732788,TRUE,FALSE,"UNITED STATES","B",2001,"B"
"APV_17",4.32229613095519,1.12649698840303,TRUE,FALSE,"UNITED STATES","B",2002,"B"
"B004_ENV02",5.72503764105646,3.05879730879232,TRUE,FALSE,"UNITED STATES","B",2017,"B"
"B005_ENV03",3.40700157600052,0.137184784122536,TRUE,FALSE,"UNITED STATES","B",2017,"B"
"B005018_8_F6_3",2.67538439816065,3.55640914347892,TRUE,FALSE,"BOTSWANA","C",2006,"C"
"B006_ENV02",3.8374284150634,2.49360569100523,TRUE,FALSE,"UNITED STATES","B",2017,"B"
"B006_ENV10",3.87049310911835,2.72638072581282,TRUE,FALSE,"UNITED STATES","B",2017,"B"
"B012_ENV02",3.34031960046246,0.925435803112575,TRUE,FALSE,"UNITED STATES","B",2017,"B"
"B013_ENV02",2.73006533109501,4.12912325982603,TRUE,FALSE,"UNITED STATES","B",2017,"B"
"B016_ENV01",2.53912085556023,3.02720447220564,TRUE,FALSE,"UNITED STATES","B",2017,"B"
"B016_ENV02",4.263375579781,1.6748953245619,TRUE,FALSE,"UNITED STATES","B",2017,"B"
"B023_ENV09",1.94831024164484,3.44743255658285,TRUE,FALSE,"UNITED STATES","B",2017,"B"
"B024_ENV01",2.60340810516039,3.28885954338637,TRUE,FALSE,"UNITED STATES","B",2017,"B"
"B025_ENV04",4.32216995244937,1.8103182818021,TRUE,FALSE,"UNITED STATES","B",2017,"B"
"B41_9032_08_A1",0.979717387771373,2.27888530231754,TRUE,FALSE,"UNITED STATES","B",1998,"B"
"BF1266_431A",1.60217406042963,3.18489299011401,TRUE,FALSE,"MALAWI","C",2002,"C"
"BF329",2.42910705905041,3.46569827078803,TRUE,FALSE,"MALAWI","C",2002,"C"
"BF591",2.81247777043991,2.29325121453087,TRUE,FALSE,"MALAWI","C",2002,"C"
"BF703",2.38056378016191,2.4944730457412,TRUE,FALSE,"MALAWI","C",2002,"C"
"CA146_H3_3",3.2417075155212,3.33926711207336,TRUE,FALSE,"SOUTH AFRICA","C",2009,"C"
"CA240_A5_5",4.00601349975173,2.01690569034652,TRUE,FALSE,"SOUTH AFRICA","C",2008,"C"
"CA392_H2_6",2.17159631903162,2.94280016254673,TRUE,FALSE,"SOUTH AFRICA","C",2007,"C"
"CAAN5342",3.94718261424163,1.95923598812112,TRUE,FALSE,"UNITED STATES","B",2004,"B"
"CAP136_1_16_E6_1",4.11190420139164,2.09149415954058,TRUE,FALSE,"SOUTH AFRICA","C",2006,"C"
"CAP177_1A3",2.25466573211118,3.58087549828252,TRUE,FALSE,"SOUTH AFRICA","C",2006,"C"
"CAP210_E8",1.49296207613017,5.3273326320525,TRUE,FALSE,"SOUTH AFRICA","C",2005,"C"
"CAP244_D3",4.1798124685013,3.05138897296754,TRUE,FALSE,"SOUTH AFRICA","C",2005,"C"
"CAP256_SU",2.15373335043257,3.23728268965365,TRUE,FALSE,"SOUTH AFRICA","C",2005,"C"
"CAP266_2_00_E9_H6",0.882286149163038,4.48442102498674,TRUE,FALSE,"SOUTH AFRICA","C",2006,"C"
"CAP290_2_00_23_6",1.79043572230894,4.38070202222642,TRUE,FALSE,"SOUTH AFRICA","C",2008,"C"
"CAP307_2_00_24_1",2.69762830103074,2.87224576925373,TRUE,FALSE,"SOUTH AFRICA","C",2008,"C"
"CAP363_2_00_10_3",2.91552477604438,3.10561531197513,TRUE,FALSE,"SOUTH AFRICA","C",2009,"C"
"CAP45_G3",1.38081395079852,3.55452987229259,TRUE,FALSE,"SOUTH AFRICA","C",2005,"C"
"CAP69_1_12_TA7_1",1.49413615177574,3.89503695223731,TRUE,FALSE,"SOUTH AFRICA","C",2006,"C"
"CE0393_C3",3.13493259901429,3.64351080875236,TRUE,FALSE,"MALAWI","C",2003,"C"
"CE1086_B2",3.63172844038411,2.89211346671482,TRUE,FALSE,"MALAWI","C",2004,"C"
"CE1172_H1",0.586286215404425,2.62716777009712,TRUE,FALSE,"MALAWI","C",2004,"C"
"CE1176_A3",2.62847282636788,3.24522603786322,TRUE,FALSE,"MALAWI","C",2004,"C"
"CE2010_F5",4.87677949338435,1.47497448862222,TRUE,FALSE,"MALAWI","C",2005,"C"
"CE2052_G10",2.45194129461455,3.69182349138776,TRUE,FALSE,"MALAWI","C",2006,"C"
"CE2060_G9",2.15631749238916,3.91679723422016,TRUE,FALSE,"MALAWI","C",2005,"C"
"CH505_TF",2.92915366927506,3.20751589616219,TRUE,FALSE,"MALAWI","C",2008,"C"
"CH505_TF_DELGLY3_197",3.10712939270793,2.59780144583071,TRUE,FALSE,"MALAWI","C",2008,"C"
"CH505_TF_DELGLY3_276",3.16586200918581,2.14518361667959,TRUE,FALSE,"MALAWI","C",2008,"C"
"CH505_TF_DELGLY3_461",2.41394747674707,3.24933183332666,TRUE,FALSE,"MALAWI","C",2008,"C"
"CH505_TF_DELGLY4",3.07476778204297,2.11319624867151,TRUE,FALSE,"MALAWI","C",2008,"C"
"CH505_TF_G458Y",-0.0565543889784398,3.30937887760902,TRUE,FALSE,"MALAWI","C",2008,"C"
"CH505_TF_N279K",-0.235051658241606,3.72577483948948,TRUE,FALSE,"MALAWI","C",2008,"C"
"CH505_TF_N279K_G458Y",-0.236580187040128,3.12168747360698,TRUE,FALSE,"MALAWI","C",2008,"C"
"CH505_TF_N279K_N280D_G458Y",-0.177625972725767,3.15974516626767,TRUE,FALSE,"MALAWI","C",2008,"C"
"CH505_W4_3",2.03393265970948,3.20052161340684,TRUE,FALSE,"MALAWI","C",2008,"C"
"CNE10",2.86168242711749,1.3989768226316,TRUE,FALSE,"CHINA","B",2004,"B"
"CNE12",3.71046740384903,1.6754195043593,TRUE,FALSE,"CHINA","B",2004,"B"
"CNE14",3.60451313599329,1.57462133134789,TRUE,FALSE,"CHINA","B",2004,"B"
"CNE17",1.55763037748321,3.76218759007845,TRUE,FALSE,"CHINA","C",2007,"C"
"CNE4",3.80676024494045,1.56202684101973,TRUE,FALSE,"CHINA","B",2006,"B"
"CNE57",3.77202531182463,1.70397046031896,TRUE,FALSE,"CHINA","B",2005,"B"
"CNE58",2.25016698783484,3.39995402859114,TRUE,FALSE,"CHINA","C",2006,"C"
"CT072_56_7",1.85338965261818,3.29902110952863,TRUE,FALSE,"SOUTH AFRICA","C",2007,"C"
"CT140_140_B6",1.93543930784008,3.97881327621194,TRUE,FALSE,"SOUTH AFRICA","C",2007,"C"
"CT565_C7_48",1.16608436147616,4.4136466994165,TRUE,FALSE,"SOUTH AFRICA","C",2009,"C"
"CT966_E1_7",2.28044988256096,3.51437763658421,TRUE,FALSE,"SOUTH AFRICA","C",2008,"C"
"DH12",1.75593410702331,2.29628822356002,TRUE,FALSE,"UNITED STATES","B",1991,"B"
"DU123_06",0.659267044818243,3.19321428008117,TRUE,FALSE,"SOUTH AFRICA","C",1998,"C"
"DU151_02",1.23515246098778,3.42485376731261,TRUE,FALSE,"SOUTH AFRICA","C",1998,"C"
"DU156_12",1.78604225534944,2.6185242520464,TRUE,FALSE,"SOUTH AFRICA","C",1999,"C"
"DU172_17",-1.15856695554024,3.13377186448907,TRUE,FALSE,"SOUTH AFRICA","C",1998,"C"
"DU422_1",0.641706635005851,4.85694501330464,TRUE,FALSE,"SOUTH AFRICA","C",1998,"C"
"HT593_1",0.567878518541026,1.14224022692861,TRUE,FALSE,"HAITI","B",1992,"B"
"JRCSF",1.49608659027017,1.24118473613409,TRUE,FALSE,"UNITED STATES","B",1986,"B"
"JRCSF_N156Q",-0.153988571560288,-0.715398452578898,TRUE,FALSE,"UNITED STATES","B",1986,"B"
"JRCSF_N186Q",1.64079309128998,0.580880736718615,TRUE,FALSE,"UNITED STATES","B",1986,"B"
"JRCSF_N197Q",0.147994998639023,-0.41583915911147,TRUE,FALSE,"UNITED STATES","B",1986,"B"
"JRCSF_N276Q",1.52937393520218,0.357967037289926,TRUE,FALSE,"UNITED STATES","B",1986,"B"
"JRCSF_N295Q",1.40338518701902,1.57805366889613,TRUE,FALSE,"UNITED STATES","B",1986,"B"
"JRCSF_N301Q",0.0326453958190138,-0.498184292264151,TRUE,FALSE,"UNITED STATES","B",1986,"B"
"JRCSF_N332Q",0.878164779506587,1.31161438021874,TRUE,FALSE,"UNITED STATES","B",1986,"B"
"JRCSF_N386Q",1.39175152164995,1.16237785641604,TRUE,FALSE,"UNITED STATES","B",1986,"B"
"JRCSF_N392Q",1.35020656857951,1.53635126844824,TRUE,FALSE,"UNITED STATES","B",1986,"B"
"JRCSF_N397Q",1.64355930527009,0.53005378116681,TRUE,FALSE,"UNITED STATES","B",1986,"B"
"JRCSF_N411Q",1.7221776375695,0.418078361781933,TRUE,FALSE,"UNITED STATES","B",1986,"B"
"JRCSF_N448Q",1.66853004220367,0.366859001528068,TRUE,FALSE,"UNITED STATES","B",1986,"B"
"JRCSF_N461Q",1.59741211693453,0.475691055882337,TRUE,FALSE,"UNITED STATES","B",1986,"B"
"JRFL",1.32229746438008,0.82979432990987,TRUE,FALSE,"UNITED STATES","B",1986,"B"
"JRFL_D197N",1.03877400383032,-0.28907150634355,TRUE,FALSE,"UNITED STATES","B",1986,"B"
"JRFL_E168K",1.22561659365839,0.260147561897199,TRUE,FALSE,"UNITED STATES","B",1986,"B"
"KO243_H6_3",2.36923322844684,3.64031310801621,TRUE,FALSE,"SOUTH AFRICA","C",2009,"C"
"KO426_N276D",3.76981468363599,2.28327787101453,TRUE,FALSE,"SOUTH AFRICA","C",2008,"C"
"KO426_S278R_N460D_N463D_G471S",3.37938619445738,2.47147571441679,TRUE,FALSE,"SOUTH AFRICA","C",2008,"C"
"KO426_T78_10",4.73319277013024,2.44606643850435,TRUE,FALSE,"SOUTH AFRICA","C",2008,"C"
"KO459_T68_4",2.94517402180113,2.99368386805174,TRUE,FALSE,"SOUTH AFRICA","C",2008,"C"
"KO870_C2_10",2.8978718295439,3.79486268933806,TRUE,FALSE,"SOUTH AFRICA","C",2008,"C"
"MW965_26",2.1238275260859,2.35856167852111,TRUE,FALSE,"MALAWI","C",1993,"C"
"QB099_391M_B1",1.64935326010255,2.36684313536264,TRUE,FALSE,"KENYA","C",1995,"C"
"QB099_391M_C8",1.77957422054924,2.27733447188403,TRUE,FALSE,"KENYA","C",1995,"C"
"QC406_70M_F3",1.59283960209819,2.30242769419581,TRUE,FALSE,"KENYA","C",1997,"C"
"REJO4541_67",1.83670861924028,1.53814342528153,TRUE,FALSE,"UNITED STATES","B",2001,"B"
"RHPA4259_7",2.72284780475612,1.65880741208824,TRUE,FALSE,"UNITED STATES","B",2000,"B"
"SC05_8C11_2344",2.26748942780263,1.82926157272682,TRUE,FALSE,"TRINIDAD AND TOBAGO","B",1993,"B"
"SC422_8",1.45491517859823,1.39109837795922,TRUE,FALSE,"TRINIDAD AND TOBAGO","B",1995,"B"
"SC45_4B5_2631",1.26423774758488,0.670983855530507,TRUE,FALSE,"TRINIDAD AND TOBAGO","B",1995,"B"
"SO032_A2_8_1",3.31908014972323,3.07629407603011,TRUE,FALSE,"SOUTH AFRICA","C",2008,"C"
"SO431_C1_1",3.77658227459209,1.78630854057942,TRUE,FALSE,"SOUTH AFRICA","C",2007,"C"
"SO607_B6_9",5.04779289347432,2.22230268582541,TRUE,FALSE,"SOUTH AFRICA","C",2008,"C"
"SS1196_1",1.6731822532251,2.2460560745556,TRUE,FALSE,"UNITED STATES","B",1997,"B"
"THRO4156",3.59343025499911,3.38333112437186,TRUE,FALSE,"UNITED STATES","B",2000,"B"
"TRJO4551_58",3.7345597414649,2.61024503010967,TRUE,FALSE,"UNITED STATES","B",2001,"B"
"TRO_11",2.70405100635354,1.33145569682193,TRUE,FALSE,"ITALY","B",1995,"B"
"TV1_29",0.792035608816324,3.72966471956459,TRUE,FALSE,"SOUTH AFRICA","C",1998,"C"
"TZA125_17",0.775184933147351,3.96165269813045,TRUE,FALSE,"TANZANIA","C",2001,"C"
"TZBD_02",2.63216192275766,3.08457713025098,TRUE,FALSE,"TANZANIA","C",2001,"C"
"V704_0026_231_RE_PBSGA001_S",3.06404814354081,3.3768672047673,TRUE,FALSE,"PERU","B",2019,"B"
"V704_0372_250_RE_PBLIB001_S",4.52588251722476,2.52198794242241,TRUE,FALSE,"PERU","B",2019,"B"
"V704_0445_180_RE_CON_S",1.79416602310609,3.61709182521582,TRUE,FALSE,"PERU","B",2019,"B"
"V704_0856_240_RE_PB001_S",3.3585661041977,2.72352167288703,TRUE,FALSE,"UNITED STATES","B",2019,"B"
"V704_0886_250_RE_P001S",3.78010292532229,3.46258151752536,TRUE,FALSE,"PERU","B",2019,"B"
"V704_0944_180_RE_CS",5.39239546476917,2.75874667063341,TRUE,FALSE,"PERU","B",2019,"B"
"V704_1528_240_RE_PBLIB_001_S",3.69681090664164,3.2274917380529,TRUE,FALSE,"PERU","B",2019,"B"
"V704_1783_150_RE_CS",3.88145101792984,3.13135919206414,TRUE,FALSE,"PERU","B",2019,"B"
"V704_2095_130_RE_CS",3.60423681194141,2.6421197859403,TRUE,FALSE,"PERU","B",2019,"B"
"V704_2555_240_RE_CON_S_VPUG",4.2132221458399,2.49094051233583,TRUE,FALSE,"PERU","B",2019,"B"
"V704_2834_210_RE_PB001_S",4.66367636953724,3.56811552153628,TRUE,FALSE,"BRAZIL","B",2019,"B"
"V704_2834_210_RE_PB002_S",4.50136946785958,3.4629063967861,TRUE,FALSE,"BRAZIL","B",2019,"B"
"V704_2839_140_RE_CS",5.10721862456865,3.65007459653274,TRUE,FALSE,"PERU","B",2019,"B"
"VA40774",5.44787391351598,2.88685139104541,TRUE,FALSE,"UNITED STATES","B",2016,"B"
"WITO4160_33",2.53463584822685,1.60279236971398,TRUE,FALSE,"UNITED STATES","B",2000,"B"
"X2278_C2_B6",1.74877701662637,2.4377652892781,TRUE,FALSE,"SPAIN","B",2007,"B"
"YU2",1.67178562551396,2.38955738228851,TRUE,FALSE,"UNITED STATES","B",1986,"B"
"ZA012_29",3.21405860562217,2.6335317198274,TRUE,FALSE,"SOUTH AFRICA","C",1997,"C"
"ZM106_9",2.62233183030399,2.33437134052627,TRUE,FALSE,"ZAMBIA","C",1998,"C"
"ZM109_4",2.51560985642401,3.81187379853586,TRUE,FALSE,"ZAMBIA","C",2000,"C"
"ZM135_10A",4.59251291599932,3.9055864486813,TRUE,FALSE,"ZAMBIA","C",1998,"C"
"ZM197_7",2.05810877237472,2.63879855268073,TRUE,FALSE,"ZAMBIA","C",2002,"C"
"ZM214_15",3.7995728528695,2.27774117939758,TRUE,FALSE,"ZAMBIA","C",2003,"C"
"ZM215_8",3.52278804827948,2.30197270765551,TRUE,FALSE,"ZAMBIA","C",2002,"C"
"ZM233_6",1.75362229026899,4.26780735012564,TRUE,FALSE,"ZAMBIA","C",2002,"C"
"ZM246F",3.63816257522995,2.68982641591903,TRUE,FALSE,"ZAMBIA","C",2003,"C"
"ZM247_V1",2.27264614520297,3.03904493893252,TRUE,FALSE,"ZAMBIA","C",2003,"C"
"ZM249_1",2.70814254694252,3.52581766294168,TRUE,FALSE,"ZAMBIA","C",2003,"C"
"ZM53_12",2.77078963612755,3.71552179527515,TRUE,FALSE,"ZAMBIA","C",2000,"C"
"ZM55_28A",2.97471649001273,2.92346864032795,TRUE,FALSE,"ZAMBIA","C",1998,"C"
