name,V1,V2,V3,V4,antigen,antiserum,year,cluster,color
A/Akita/4/1993,4.102613347,5.121990215,9.568354805,7.393537452,TRUE,FALSE,1993,BE92,pink
A/Amsterdam/1609/1977,2.665244069,-0.476702019,0.384306371,2.216024275,FALSE,TRUE,1977,VI75,darkgoldenrod1
A/Amsterdam/1609/1977,1.093299127,-1.196074969,-0.881071139,1.100285077,TRUE,FALSE,1977,VI75,darkgoldenrod1
A/Atlanta/211/1989,4.885074134,4.204630125,3.371649166,3.684754217,TRUE,FALSE,1989,SI87,blue
A/Atlanta/3572/1988,4.821096236,2.857838892,2.217029254,3.425384393,TRUE,FALSE,1988,SI87,blue
A/Auckland/10/1997,9.27906459,11.60311329,9.343173876,9.600494838,TRUE,FALSE,1997,SY97,lightblue
A/Auckland/10/1997,9.001320046,10.39678235,8.938226678,9.608386705,FALSE,TRUE,1997,SY97,lightblue
A/Auckland/4382/1982,0.536437405,2.808250713,2.400513753,3.261688941,TRUE,FALSE,1982,BK79,green
A/Bangkok/1/1979,-0.166681793,2.206533364,3.910596668,4.699093982,TRUE,FALSE,1979,BK79,green
A/Bangkok/1/1979,-0.745220369,3.620731207,2.539120807,3.594672678,FALSE,TRUE,1979,BK79,green
A/Beijing/32/1992,2.915025132,5.70654618,7.787526637,5.93797168,TRUE,FALSE,1992,BE89,red
A/Beijing/32/1992,5.174112484,5.705000903,7.28771532,6.736697936,FALSE,TRUE,1992,BE89,red
A/Beijing/352/1989,5.937507968,6.055337798,4.990745085,3.131840222,TRUE,FALSE,1989,BE89,red
A/Beijing/353/1989,4.80911879,7.760503469,2.176223438,3.500730114,TRUE,FALSE,1989,SI87,blue
A/Beijing/353/1989,5.329817898,6.252994912,4.158786946,3.520993211,FALSE,TRUE,1989,SI87,blue
A/Bilthoven/10684/1982,0.916823428,3.33730002,2.609260899,3.346870035,TRUE,FALSE,1982,BK79,green
A/Bilthoven/15793/1968,-2.022058269,-0.517683996,-2.340728538,-3.958389489,TRUE,FALSE,1968,HK68,purple
A/Bilthoven/16190/1968,-3.391728393,-0.785150987,-1.680081544,-2.380764004,TRUE,FALSE,1968,HK68,purple
A/Bilthoven/16398/1968,-2.687740427,-1.298322454,-0.776112413,-3.521437743,TRUE,FALSE,1968,HK68,purple
A/Bilthoven/1761/1976,2.029125864,-0.886238657,-0.49081801,0.766163959,TRUE,FALSE,1976,VI75,darkgoldenrod1
A/Bilthoven/17938/1969,-3.784859052,-1.219213207,-1.511996537,-3.739994525,TRUE,FALSE,1969,HK68,purple
A/Bilthoven/1843/1975,-0.730923833,-2.759751338,-3.222765276,-0.350057496,TRUE,FALSE,1975,EN72,darkturquoise
A/Bilthoven/21438/1971,-2.682830818,-0.925025579,-0.992477436,-3.917673901,TRUE,FALSE,1971,HK68,purple
A/Bilthoven/21793/1972,-1.376802605,-1.518329084,-1.932648384,-1.690576907,FALSE,TRUE,1972,EN72,darkturquoise
A/Bilthoven/21793/1972,-0.922073958,-1.9636293,-2.319842837,-1.911827249,TRUE,FALSE,1972,EN72,darkturquoise
A/Bilthoven/21801/1971,-2.723124806,-0.967005664,-1.062421459,-3.765507527,TRUE,FALSE,1971,HK68,purple
A/Bilthoven/2271/1976,0.870980296,1.008450723,0.720377962,1.091752252,TRUE,FALSE,1976,TX77,brown
A/Bilthoven/23290/1972,-1.189684418,-0.482963742,-2.602996812,-1.566044322,TRUE,FALSE,1972,EN72,darkturquoise
A/Bilthoven/23337/1972,-0.979929105,-2.311044762,-2.941235498,-2.044871305,TRUE,FALSE,1972,EN72,darkturquoise
A/Bilthoven/2600/1975,0.969373619,-1.569999622,-2.490120817,-2.793290068,TRUE,FALSE,1975,EN72,darkturquoise
A/Bilthoven/2668/1970,-4.570086005,-1.394899283,-1.741520326,-3.496040551,TRUE,FALSE,1970,HK68,purple
A/Bilthoven/2813/1975,-1.542260553,-2.330650698,-2.988761682,-0.835624119,TRUE,FALSE,1975,EN72,darkturquoise
A/Bilthoven/334/1975,0.551527505,-3.769544267,-2.443580536,-0.262307855,TRUE,FALSE,1975,EN72,darkturquoise
A/Bilthoven/3517/1973,-0.736475274,-3.049238019,-1.843374488,-2.292467491,TRUE,FALSE,1973,EN72,darkturquoise
A/Bilthoven/3895/1977,1.789657775,-0.712897353,-0.233794581,0.898915146,TRUE,FALSE,1977,VI75,darkgoldenrod1
A/Bilthoven/4273/1975,1.497280457,-1.575154133,-2.474526823,-3.087893537,TRUE,FALSE,1975,EN72,darkturquoise
A/Bilthoven/4791/1981,1.428591601,3.180435623,2.425222534,3.29039288,TRUE,FALSE,1981,BK79,green
A/Bilthoven/5029/1976,2.227320884,-0.993758175,-0.789896554,1.870977652,TRUE,FALSE,1976,VI75,darkgoldenrod1
A/Bilthoven/5146/1974,0.651335249,-3.00376612,-3.040108369,-2.334302772,TRUE,FALSE,1974,EN72,darkturquoise
A/Bilthoven/5168/1976,0.768695865,-1.846113687,-1.999011683,1.458837165,TRUE,FALSE,1976,,
A/Bilthoven/552/1973,-0.903364365,-0.776371799,-2.062668676,-1.71924068,TRUE,FALSE,1973,EN72,darkturquoise
A/Bilthoven/5657/1976,2.056472184,-0.845052483,-0.533377008,1.445196437,TRUE,FALSE,1976,VI75,darkgoldenrod1
A/Bilthoven/5930/1974,-0.826931476,-1.434143849,-1.658447919,-0.226138086,FALSE,TRUE,1974,EN72,darkturquoise
A/Bilthoven/5930/1974,-1.118614064,-2.348206895,-2.807619984,-1.040561734,TRUE,FALSE,1974,EN72,darkturquoise
A/Bilthoven/5931/1974,-0.149619985,-3.492860932,-2.734785658,0.309058078,TRUE,FALSE,1974,EN72,darkturquoise
A/Bilthoven/6022/1972,-1.834484716,-0.934883093,-1.740305725,-3.664617804,TRUE,FALSE,1972,HK68,purple
A/Bilthoven/6449/1971,-4.548555216,-2.396228709,-1.959163094,-3.36654866,TRUE,FALSE,1971,HK68,purple
A/Bilthoven/6545/1976,1.964835131,-0.965253752,-0.421809598,1.337864097,TRUE,FALSE,1976,VI75,darkgoldenrod1
A/Bilthoven/7398/1974,0.226625746,-3.368040193,-2.795418186,-1.157340157,TRUE,FALSE,1974,EN72,darkturquoise
A/Bilthoven/748/1973,-0.672373578,-3.210313463,-2.53446888,-1.795657422,TRUE,FALSE,1973,EN72,darkturquoise
A/Bilthoven/808/1969,-2.285438293,0.577723974,-0.516872602,-1.810942371,TRUE,FALSE,1969,HK68,purple
A/Bilthoven/908/1969,-3.367737206,-0.709050881,-0.434416934,-3.955487066,TRUE,FALSE,1969,HK68,purple
A/Bilthoven/93/1970,-3.218568285,-0.962414492,-0.655960627,-4.32780056,TRUE,FALSE,1970,HK68,purple
A/Bilthoven/9459/1974,-0.746821177,-1.721188098,-2.718072641,-1.032119923,TRUE,FALSE,1974,EN72,darkturquoise
A/Brisbane/8/1996,7.950672094,8.071247033,8.335906794,6.931834727,FALSE,TRUE,1996,WU95,darkgreen
A/Brisbane/8/1996,6.792749181,8.934440045,7.541044172,9.061001992,TRUE,FALSE,1996,WU95,darkgreen
A/Caen/1/1984,2.389778684,2.168963525,4.561234661,3.290018513,TRUE,FALSE,1984,BK79,green
A/Caen/1/1984,1.926071568,2.858351769,3.93178632,2.611559777,FALSE,TRUE,1984,BK79,green
A/ChristChurch/2/1988,3.166032483,1.908970203,4.448045834,3.985467124,TRUE,FALSE,1988,SI87,blue
A/Colorado/2/1986,2.483681726,1.948910193,2.522785077,4.145971468,TRUE,FALSE,1986,BK79,green
A/Colorado/2/1986,2.784122831,3.244170148,2.681061355,3.163096869,FALSE,TRUE,1986,BK79,green
A/Eindhoven/3447/1989,5.435442691,3.348868778,1.704194936,3.444349601,TRUE,FALSE,1989,SI87,blue
A/England/138/1989,5.373983307,3.5063328,2.249682026,3.739686114,TRUE,FALSE,1989,SI87,blue
A/England/42/1972,-0.855468159,-1.926175039,0.04463486,-2.708522396,FALSE,TRUE,1972,EN72,darkturquoise
A/England/42/1972,0.133321292,-2.420508031,-1.050173707,-2.561732419,TRUE,FALSE,1972,EN72,darkturquoise
A/England/427/1988,5.500021458,2.377629765,2.515300733,3.768207337,TRUE,FALSE,1988,SI87,blue
A/England/7/1994,9.773179091,6.132443016,7.012740261,7.554467226,TRUE,FALSE,1994,WU95,darkgreen
A/Finland/170/2003,9.012243642,11.1924591,9.134743119,12.88353042,TRUE,FALSE,2003,FU02,orange
A/Finland/338/1995,7.38759929,5.027009675,9.720093372,7.629398971,FALSE,TRUE,1995,WU95,darkgreen
A/Finland/338/1995,9.135875716,6.367864564,6.635044452,7.075083753,TRUE,FALSE,1995,WU95,darkgreen
A/Finland/339/1995,10.20232349,5.818502683,7.040299704,8.819544299,TRUE,FALSE,1995,WU95,darkgreen
A/Finland/381/1995,9.761803335,5.833798231,6.994496019,8.797485319,TRUE,FALSE,1995,WU95,darkgreen
A/Fujian/411/2002,8.165579725,11.78175334,8.523431102,14.35854814,FALSE,TRUE,2002,SY97,lightblue
A/Fujian/411/2002,8.964558551,12.30387262,9.385680986,13.86273601,TRUE,FALSE,2002,SY97,lightblue
A/Geneva/3958/1996,8.00072293,8.174382716,8.030575956,7.085631462,TRUE,FALSE,1996,WU95,darkgreen
A/Geneva/5007/1989,5.164809719,3.321215813,1.636118993,3.442109133,TRUE,FALSE,1989,SI87,blue
A/Geneva/AI9509/1995,7.713550522,5.391805519,7.185718654,7.89979988,FALSE,TRUE,1995,WU95,darkgreen
A/Geneva/AI9509/1995,7.220992314,4.708540974,5.377643766,9.167833804,TRUE,FALSE,1995,WU95,darkgreen
A/Guangdong/25/1993,8.626032166,2.68155308,8.668964241,7.054878174,FALSE,TRUE,1993,BE92,pink
A/Guangdong/25/1993,7.119507612,3.464652186,7.130513717,9.084019633,TRUE,FALSE,1993,BE92,pink
A/Guildford/V728/1985,3.278788542,1.268329363,3.674034043,3.683413916,TRUE,FALSE,1985,BK79,green
A/Guizhou/54/1989,5.816927697,3.273997315,1.913867944,6.34706435,TRUE,FALSE,1989,SI87,blue
A/Guizhou/54/1989,6.32801511,3.640849681,0.892162095,3.099777528,FALSE,TRUE,1989,SI87,blue
A/HongKong/1/1968,-2.993006772,-0.822150132,-0.52431802,-3.844528422,FALSE,TRUE,1968,HK68,purple
A/HongKong/1/1968,-3.693247622,-2.182439535,0.050609615,-4.330538064,TRUE,FALSE,1968,HK68,purple
A/HongKong/1/1989,5.049450708,3.69201589,2.043219504,3.261638353,TRUE,FALSE,1989,SI87,blue
A/HongKong/1/1994,7.425190196,4.727211063,7.807051258,6.322910025,TRUE,FALSE,1994,BE92,pink
A/HongKong/1/1997,7.47408721,8.694373913,7.113742432,6.641224655,TRUE,FALSE,1997,WU95,darkgreen
A/HongKong/107/1971,-2.132206016,-3.850408917,-1.702797398,-3.57761632,TRUE,FALSE,1971,HK68,purple
A/HongKong/107/1971,-4.15531813,-4.773437618,-0.774958916,-4.862547848,FALSE,TRUE,1971,HK68,purple
A/HongKong/2/1994,7.27040236,4.431203961,7.347298689,5.677854852,TRUE,FALSE,1994,BE92,pink
A/HongKong/20/1996,8.054108564,8.303342418,7.6384371,7.315128189,TRUE,FALSE,1996,WU95,darkgreen
A/HongKong/280/1997,8.548264587,9.442465624,7.134893494,7.465120515,TRUE,FALSE,1997,WU95,darkgreen
A/HongKong/3/1995,6.314917362,5.214245391,7.763761072,7.772536507,TRUE,FALSE,1995,BE92,pink
A/HongKong/32/1995,7.075412713,4.60231189,7.491402779,7.812286519,TRUE,FALSE,1995,BE92,pink
A/HongKong/357/1996,7.977479596,7.505892663,6.975454558,7.524771078,TRUE,FALSE,1996,WU95,darkgreen
A/HongKong/358/1996,7.596541628,8.438951413,5.738111505,8.282103701,TRUE,FALSE,1996,WU95,darkgreen
A/HongKong/38/1995,7.226809749,5.359516514,7.215574711,7.475612455,TRUE,FALSE,1995,BE92,pink
A/HongKong/42/1996,7.176467387,5.211516751,6.738896558,9.610459788,TRUE,FALSE,1996,BE92,pink
A/HongKong/434/1996,8.173040337,2.493058989,6.590498557,7.871207686,TRUE,FALSE,1996,BE92,pink
A/HongKong/49/1995,9.27701805,6.075440719,7.402343801,7.58661189,TRUE,FALSE,1995,WU95,darkgreen
A/HongKong/55/1994,7.776168994,5.252697164,7.712987792,7.3354011,TRUE,FALSE,1994,BE92,pink
A/HongKong/55/1995,7.016911679,7.262985903,7.571284936,6.930882414,TRUE,FALSE,1995,WU95,darkgreen
A/HongKong/56/1994,7.507140354,4.793830162,7.970136883,7.001042872,TRUE,FALSE,1994,BE92,pink
A/Johannesburg/10/1997,6.853697182,8.349175545,6.018797018,6.876244958,TRUE,FALSE,1997,WU95,darkgreen
A/Johannesburg/33/1994,8.015582088,3.499395293,9.289387783,7.942166575,FALSE,TRUE,1994,BE92,pink
A/Johannesburg/33/1994,7.467326879,3.496720433,7.131495293,10.05353196,TRUE,FALSE,1994,BE92,pink
A/Johannesburg/47/1994,6.474208022,2.984727919,6.374789815,7.871628754,TRUE,FALSE,1994,BE92,pink
A/Leningrad/360/1986,2.534623668,0.421503279,4.489995811,4.903420599,TRUE,FALSE,1986,BK79,green
A/Leningrad/360/1986,2.354390319,1.80593837,2.117514217,3.932448282,FALSE,TRUE,1986,BK79,green
A/Lyon/1149/1991,6.643991823,6.543204868,3.851394041,3.893113052,FALSE,TRUE,1991,BE89,red
A/Lyon/1149/1991,6.699252089,6.93239535,3.730459116,4.439806174,TRUE,FALSE,1991,BE89,red
A/Lyon/1182/1991,6.144322463,7.491765747,3.926607802,3.471822776,TRUE,FALSE,1991,BE89,red
A/Lyon/1781/1996,7.039530212,8.168874507,7.834867378,8.007069783,TRUE,FALSE,1996,WU95,darkgreen
A/Lyon/2279/1995,9.725773114,5.967959809,8.111549461,7.599036509,FALSE,TRUE,1995,WU95,darkgreen
A/Lyon/2279/1995,8.016630094,6.908950875,6.716321502,8.278627606,TRUE,FALSE,1995,WU95,darkgreen
A/Lyon/2380/1981,0.791042723,3.032715239,2.381599544,3.236285335,TRUE,FALSE,1981,BK79,green
A/Lyon/24222/1991,5.695899382,6.692891136,4.122992169,3.212493013,TRUE,FALSE,1991,BE89,red
A/Lyon/672/1993,5.184090063,5.120480873,6.961139767,8.904073464,TRUE,FALSE,1993,BE92,pink
A/Madrid/G102/1993,5.235840101,5.418451865,7.213685409,8.185750932,TRUE,FALSE,1993,BE92,pink
A/Madrid/G109/1993,6.91958833,4.334434518,7.328894263,6.990030838,TRUE,FALSE,1993,BE92,pink
A/Madrid/G12/1991,4.503228095,6.821251948,3.401964152,2.592946849,TRUE,FALSE,1991,BE89,red
A/Madrid/G122/1993,7.259509362,4.490883929,8.009808702,7.006290667,TRUE,FALSE,1993,BE92,pink
A/Madrid/G130/1993,3.935081156,4.549599244,6.428564865,7.927404214,TRUE,FALSE,1993,BE92,pink
A/Madrid/G252/1993,9.541991035,6.004512848,6.156192546,7.826137342,TRUE,FALSE,1993,WU95,darkgreen
A/Madrid/G252/1993,7.871783904,5.230699841,6.564029039,7.791189443,FALSE,TRUE,1993,WU95,darkgreen
A/Madrid/G58/1992,4.088613914,6.765359811,4.341936931,3.886702709,TRUE,FALSE,1992,BE89,red
A/Memphis/2/1990,5.602683377,3.380411958,1.717047789,3.434354757,TRUE,FALSE,1990,SI87,blue
A/Memphis/5/1990,4.109256997,3.858075825,2.601238398,3.977217711,TRUE,FALSE,1990,SI87,blue
A/Moscow/10/1999,11.71175289,9.191552495,9.958603442,9.835910498,TRUE,FALSE,1999,SY97,lightblue
A/Moscow/10/1999,9.651845086,10.37171949,9.882377106,10.81789277,FALSE,TRUE,1999,SY97,lightblue
A/Nanchang/933/1995,7.845494305,9.006300688,8.029950801,8.182367175,FALSE,TRUE,1995,WU95,darkgreen
A/Nanchang/933/1995,7.226241458,7.876460581,7.413189683,6.406584092,TRUE,FALSE,1995,WU95,darkgreen
A/Netherlands/1/1995,7.350855512,4.330417904,7.698830138,8.567641751,TRUE,FALSE,1995,BE92,pink
A/Netherlands/1/1995,6.819022895,4.017251336,8.777882079,8.767429931,FALSE,TRUE,1995,BE92,pink
A/Netherlands/1/2002,8.281728536,9.650642576,8.013852784,11.72517489,TRUE,FALSE,2002,SY97,lightblue
A/Netherlands/1/2002,9.702710456,9.53737845,9.375161981,10.56267558,FALSE,TRUE,2002,SY97,lightblue
A/Netherlands/101/1993,4.582267817,4.364028083,4.605471152,8.496243046,TRUE,FALSE,1993,BE92,pink
A/Netherlands/115/1993,4.633861324,4.473717429,5.62690079,8.447612583,TRUE,FALSE,1993,BE92,pink
A/Netherlands/118/2001,10.09947938,10.03028371,9.636188056,10.35656569,FALSE,TRUE,2001,SY97,lightblue
A/Netherlands/118/2001,10.08209908,10.37662316,9.896580908,10.74376932,TRUE,FALSE,2001,SY97,lightblue
A/Netherlands/124/2001,10.30554231,10.48996918,9.975238435,10.97613078,FALSE,TRUE,2001,SY97,lightblue
A/Netherlands/124/2001,9.030854911,9.972572091,8.731230648,11.11484342,TRUE,FALSE,2001,SY97,lightblue
A/Netherlands/126/1993,4.054232805,3.917647481,4.850242028,8.624377889,TRUE,FALSE,1993,BE92,pink
A/Netherlands/126/2001,9.972070584,9.716404481,9.823332238,10.40284605,FALSE,TRUE,2001,SY97,lightblue
A/Netherlands/126/2001,10.89452958,9.075133146,9.462188413,10.95712762,TRUE,FALSE,2001,SY97,lightblue
A/Netherlands/18/1994,10.33324637,6.528610075,7.336110716,7.236800993,FALSE,TRUE,1994,BE92,pink
A/Netherlands/18/1994,6.951840009,5.393979375,6.156568313,7.115937891,TRUE,FALSE,1994,BE92,pink
A/Netherlands/209/1980,0.606412354,1.416840158,2.163905945,3.863704925,TRUE,FALSE,1980,BK79,green
A/Netherlands/209/1980,-0.602357406,0.619959927,2.455592871,4.789028646,FALSE,TRUE,1980,BK79,green
A/Netherlands/22/2003,8.748741888,11.32545194,8.8266708,13.70362753,FALSE,TRUE,2003,FU02,orange
A/Netherlands/22/2003,7.930901531,10.69471719,7.802759409,13.37885515,TRUE,FALSE,2003,FU02,orange
A/Netherlands/241/1982,0.490535843,1.06898028,2.523183819,4.010205492,FALSE,TRUE,1982,BK79,green
A/Netherlands/241/1982,0.779681944,1.244232445,2.39159259,4.176744238,TRUE,FALSE,1982,BK79,green
A/Netherlands/241/1993,6.793916429,4.841632983,7.607387588,8.188650397,TRUE,FALSE,1993,BK79,green
A/Netherlands/271/1995,10.33936256,6.867298009,7.440037898,7.705454602,TRUE,FALSE,1995,WU95,darkgreen
A/Netherlands/3/1993,6.42530509,4.262309146,6.506438697,6.059914775,TRUE,FALSE,1993,BE92,pink
A/Netherlands/3/2000,7.922724874,11.22778847,8.242314375,10.89350695,TRUE,FALSE,2000,SY97,lightblue
A/Netherlands/300/1997,8.993222206,11.27466075,8.66321262,9.637860843,TRUE,FALSE,1997,SY97,lightblue
A/Netherlands/301/1999,10.05671299,9.833713073,10.19864108,10.28472935,TRUE,FALSE,1999,SY97,lightblue
A/Netherlands/330/1985,1.96163116,1.081152571,2.956260298,3.73036511,TRUE,FALSE,1985,BK79,green
A/Netherlands/330/1985,2.470898344,1.693609098,2.693763359,3.55264177,FALSE,TRUE,1985,BK79,green
A/Netherlands/333/1985,2.98748576,2.782984059,3.981205166,3.332499852,TRUE,FALSE,1985,BK79,green
A/Netherlands/333/1985,1.940285332,2.009735488,3.828623561,3.553341381,FALSE,TRUE,1985,BK79,green
A/Netherlands/371/1993,7.499529967,2.854485814,6.785044368,8.290145031,TRUE,FALSE,1993,BE92,pink
A/Netherlands/414/1998,8.966348359,9.993068802,9.151882448,9.745063147,TRUE,FALSE,1998,SY97,lightblue
A/Netherlands/427/1998,10.06074151,10.62078536,9.784004521,10.88396877,TRUE,FALSE,1998,SY97,lightblue
A/Netherlands/450/1988,4.814111604,3.001341117,2.393132694,2.643116329,FALSE,TRUE,1988,SI87,blue
A/Netherlands/450/1988,5.429251567,3.704403076,2.188703468,3.059963213,TRUE,FALSE,1988,SI87,blue
A/Netherlands/462/1998,9.242092716,10.18907975,9.305153977,9.662901173,TRUE,FALSE,1998,SY97,lightblue
A/Netherlands/5/1998,8.373413498,8.598881687,8.774956438,6.020055915,FALSE,TRUE,1998,WU95,darkgreen
A/Netherlands/5/1998,7.594998837,7.933496874,7.801869668,6.072389196,TRUE,FALSE,1998,WU95,darkgreen
A/Netherlands/620/1989,6.002589494,3.888739206,2.08850636,3.342406324,TRUE,FALSE,1989,SI87,blue
A/Netherlands/620/1989,4.612511954,4.406108432,2.284114486,3.351325121,FALSE,TRUE,1989,SI87,blue
A/Netherlands/650/1989,5.790992474,3.080755515,0.311107814,3.621512019,TRUE,FALSE,1989,SI87,blue
A/Netherlands/738/1989,5.431702193,2.51697646,-0.498929316,4.227393701,TRUE,FALSE,1989,SI87,blue
A/Netherlands/816/1991,4.310771762,6.824042451,3.723686672,2.229884588,TRUE,FALSE,1991,BE89,red
A/Netherlands/823/1992,4.636281154,7.583359023,4.125116099,2.886149407,TRUE,FALSE,1992,BE89,red
A/Netherlands/891/1991,4.619787798,6.646828459,3.897535487,2.662102858,TRUE,FALSE,1991,BE89,red
A/Netherlands/91/1996,7.018619401,3.69631562,6.352864646,7.640243354,TRUE,FALSE,1996,BE92,pink
A/Netherlands/935/1992,5.055426029,6.390944529,3.649992112,2.889398798,TRUE,FALSE,1992,BE89,red
A/Netherlands/938/1992,4.000680085,3.746820944,5.062293098,5.64086817,TRUE,FALSE,1992,BE92,pink
A/Nice/491/1997,9.554344663,9.177680202,7.048249574,7.293734577,TRUE,FALSE,1997,WU95,darkgreen
A/Nijmegen/3126/1992,4.854529112,7.540570039,3.906785466,2.808364974,TRUE,FALSE,1992,BE89,red
A/Nijmegen/3129/1992,4.386318858,6.719473923,4.013657052,2.449721232,TRUE,FALSE,1992,BE89,red
A/Oklahoma/5/1988,4.856754234,3.251068704,5.593152705,4.19103301,TRUE,FALSE,1988,SI87,blue
A/Oslo/13676/1983,0.298760765,3.19786047,2.576089142,3.251866082,TRUE,FALSE,1983,BK79,green
A/Oslo/21/1997,7.413425468,7.991099529,7.213153919,6.840324754,TRUE,FALSE,1997,WU95,darkgreen
A/Oslo/2352/1993,5.841076527,4.96440491,7.706329213,7.864832882,FALSE,TRUE,1993,BE92,pink
A/Oslo/2352/1993,4.057121426,4.901880663,7.980499861,8.400035281,TRUE,FALSE,1993,BE92,pink
A/Oslo/244/1997,6.885830875,8.421827402,7.264608742,7.739999151,TRUE,FALSE,1997,WU95,darkgreen
A/Oviedo/31/1992,4.707352735,6.081865346,3.453404569,2.711110671,TRUE,FALSE,1992,BE89,red
A/Panama/2007/1999,10.02424786,10.78954237,10.05043701,10.70763436,FALSE,TRUE,1999,SY97,lightblue
A/Panama/2007/1999,9.938565613,9.94410311,9.534394244,10.43405159,TRUE,FALSE,1999,SY97,lightblue
A/Paris/320/1992,5.053854747,7.111816465,3.525822212,2.724979694,TRUE,FALSE,1992,BE89,red
A/Paris/325/1992,4.971701308,7.340881008,3.666465184,2.385909229,TRUE,FALSE,1992,BE89,red
A/Paris/407/1992,4.347679189,7.718647605,2.536867785,3.032115649,TRUE,FALSE,1992,BE89,red
A/Paris/424/1992,4.725645749,8.086871015,3.192042824,3.497374244,TRUE,FALSE,1992,BE89,red
A/Paris/457/1992,4.582636045,7.087925158,2.39457153,1.646393801,TRUE,FALSE,1992,BE89,red
A/Paris/467/1992,4.160302931,6.385162718,3.226174,2.477271514,TRUE,FALSE,1992,BE89,red
A/Paris/490/1992,5.097430331,7.31444487,4.151494852,2.657544054,TRUE,FALSE,1992,BE89,red
A/Paris/512/1992,4.493259851,8.446210517,2.586428107,2.757669236,TRUE,FALSE,1992,BE89,red
A/Paris/548/1992,4.998027036,8.204282748,2.249939067,2.285172646,TRUE,FALSE,1992,BE89,red
A/Paris/564/1992,5.653474852,7.675666045,4.322573773,3.628029323,TRUE,FALSE,1992,BE89,red
A/Paris/583/1992,4.201657696,7.526675622,3.371598747,2.171657831,TRUE,FALSE,1992,BE89,red
A/Paris/597/1992,4.799233415,8.516006896,4.578464136,2.77126602,TRUE,FALSE,1992,BE89,red
A/Paris/614/1992,4.115744211,7.308604144,2.960787089,3.556066498,TRUE,FALSE,1992,BE89,red
A/Philipdarkgreens/2/1982,-0.862506509,2.217038482,3.076879741,3.177614277,FALSE,TRUE,1982,BK79,green
A/Philipdarkgreens/2/1982,0.26326275,0.94406055,4.066382026,4.214749913,TRUE,FALSE,1982,BK79,green
A/PortChalmers/1/1973,-0.104442164,-2.060810211,-1.940473888,-0.912481406,FALSE,TRUE,1973,EN72,darkturquoise
A/PortChalmers/1/1973,0.263612621,-0.795653097,-2.726373278,-1.400231901,TRUE,FALSE,1973,EN72,darkturquoise
A/Rotterdam/577/1980,0.536785253,1.364629907,2.098178815,3.927806134,TRUE,FALSE,1980,BK79,green
A/Rotterdam/577/1980,-1.442857122,1.416745566,3.078054543,5.408364741,FALSE,TRUE,1980,BK79,green
A/Rotterdam/5828/1977,1.50920322,-1.263979457,-0.686780696,-0.154519729,TRUE,FALSE,1977,VI75,darkgoldenrod1
A/Rotterdam/8179/1977,1.414359597,-0.810203087,-0.43183898,0.609771133,TRUE,FALSE,1977,VI75,darkgoldenrod1
A/Sendai/C273/1992,3.297919931,6.11823879,9.430548127,8.068382891,TRUE,FALSE,1992,BE92,pink
A/Seoul/1/1990,5.075445754,3.321447225,1.973211505,3.388473966,TRUE,FALSE,1990,SI87,blue
A/Shandong/9/1993,5.838733062,5.09553767,7.833321134,7.41370408,FALSE,TRUE,1993,BE92,pink
A/Shandong/9/1993,4.841755156,5.716040411,9.233537811,6.168597306,TRUE,FALSE,1993,BE92,pink
A/Shanghai/11/1987,6.949677513,1.946483286,2.653648383,1.933446945,TRUE,FALSE,1987,SI87,blue
A/Shanghai/11/1987,5.567392924,2.035305978,1.573812604,4.234041978,FALSE,TRUE,1987,SI87,blue
A/Shanghai/24/1990,2.802222287,3.775912493,4.666850592,5.395856201,TRUE,FALSE,1990,SI87,blue
A/Shiga/6/1993,4.781249293,5.547958535,9.443031265,8.367587527,TRUE,FALSE,1993,BE92,pink
A/Sichuan/2/1987,5.391639438,2.379538421,1.318433015,5.299343099,TRUE,FALSE,1987,SI87,blue
A/Sichuan/2/1987,6.325563732,2.398064795,2.118619246,3.192778868,FALSE,TRUE,1987,SI87,blue
A/Singapore/1/1996,6.536902613,8.320097372,7.76429911,7.037937149,TRUE,FALSE,1996,WU95,darkgreen
A/Singapore/1/1996,8.236589128,8.823410968,8.122729205,5.46513569,FALSE,TRUE,1996,WU95,darkgreen
A/Singapore/34/1989,4.3762,4.034526169,0.567692382,4.306076133,TRUE,FALSE,1989,SI87,blue
A/Singapore/35/1989,4.904911156,4.354933482,1.456428983,3.25740658,TRUE,FALSE,1989,SI87,blue
A/Singapore/36/1989,4.921921354,4.025241931,1.537701093,5.780641486,TRUE,FALSE,1989,SI87,blue
A/Singapore/40/1989,5.636441154,4.539621011,3.002756553,4.281102549,TRUE,FALSE,1989,SI87,blue
A/Singapore/53/1989,5.531497489,3.455863182,2.026195137,3.511562186,TRUE,FALSE,1989,SI87,blue
A/SouthAustralia/15/1994,7.209914115,4.933180535,8.047208125,6.939823817,TRUE,FALSE,1994,BE92,pink
A/SouthAustralia/23/1992,6.093187307,7.609233296,2.123814715,2.207426382,TRUE,FALSE,1992,BE89,red
A/SouthAustralia/25/1994,7.439285026,4.489689531,8.40227689,6.987066149,TRUE,FALSE,1994,BE92,pink
A/SouthAustralia/27/1992,6.139457779,8.328860938,2.950215279,3.781899608,TRUE,FALSE,1992,BE89,red
A/SouthAustralia/8/1992,4.128875596,8.485588922,3.138348132,3.225440852,TRUE,FALSE,1992,BE89,red
A/Stockholm/10/1985,2.426288552,2.104014637,2.823984864,3.879428037,TRUE,FALSE,1985,BK79,green
A/Stockholm/10/1985,2.9474339,2.762643546,2.51364966,3.668109211,FALSE,TRUE,1985,BK79,green
A/Stockholm/12/1988,5.2900118,3.571357816,2.18969626,3.253740371,TRUE,FALSE,1988,SI87,blue
A/Stockholm/12/1992,5.058240341,4.590293098,7.506885939,6.865745664,TRUE,FALSE,1992,BE92,pink
A/Stockholm/13/1992,6.280007109,5.782068848,3.127927979,2.494918476,TRUE,FALSE,1992,BE89,red
A/Stockholm/20/1991,4.741627311,7.07208633,3.72214098,2.164084498,TRUE,FALSE,1991,BE89,red
A/Stockholm/20/1993,7.212332795,4.831748823,7.584148454,6.874618896,TRUE,FALSE,1993,BE92,pink
A/Stockholm/7/1992,3.804555544,7.359134745,2.227048658,2.428231741,TRUE,FALSE,1992,BE89,red
A/Stockholm/8/1992,4.481136431,7.292411709,5.167593867,2.758988982,TRUE,FALSE,1992,BE89,red
A/Sydney/5/1997,10.04644393,11.53520729,10.33835232,8.940469857,FALSE,TRUE,1997,SY97,lightblue
A/Sydney/5/1997,9.73325471,11.46189301,9.417067524,10.22037255,TRUE,FALSE,1997,SY97,lightblue
A/Texas/1/1977,-1.51965099,3.306852618,0.729458174,2.893446976,FALSE,TRUE,1977,TX77,brown
A/Texas/1/1977,-0.791885342,0.370197507,1.588572022,2.356933507,TRUE,FALSE,1977,TX77,brown
A/Tilburg/5957/1992,4.515935378,6.734083585,3.693872508,2.933106839,TRUE,FALSE,1992,BE89,red
A/Umea/2000/1992,5.455559039,7.369086044,3.299723237,3.514314508,TRUE,FALSE,1992,BE89,red
A/Victoria/1/1988,4.507905155,2.715354291,5.073025396,4.179292227,TRUE,FALSE,1988,SI87,blue
A/Victoria/1/1989,5.344641939,0.454564467,0.363490321,5.488818738,TRUE,FALSE,1989,SI87,blue
A/Victoria/2/1990,5.25139593,6.248336109,3.927883707,2.889913634,TRUE,FALSE,1990,SI87,blue
A/Victoria/2/1990,5.51710064,7.107152815,3.260398059,1.917280078,FALSE,TRUE,1990,SI87,blue
A/Victoria/3/1975,0.803794586,-0.774477271,-1.741651702,0.558137332,TRUE,FALSE,1975,VI75,darkgoldenrod1
A/Victoria/3/1975,1.002118038,-0.649432027,-1.489874587,1.502433006,FALSE,TRUE,1975,VI75,darkgoldenrod1
A/Victoria/33/1992,4.981181695,6.11484384,3.65929229,2.673764937,TRUE,FALSE,1992,BE89,red
A/Victoria/7/1987,4.878441351,3.847113399,4.827476046,4.049878436,TRUE,FALSE,1987,SI87,blue
A/Victoria/7/1987,4.949338221,4.137890011,3.691772927,3.403456726,FALSE,TRUE,1987,SI87,blue
A/Victoria/75/1995,7.010328747,4.920260613,6.481182229,8.044921259,TRUE,FALSE,1995,BE92,pink
A/Waikato/1/1989,5.081592744,3.914412701,1.143618174,3.72377698,TRUE,FALSE,1989,SI87,blue
A/Wellington/3/1990,5.204568548,6.788832669,2.965860996,4.566502838,TRUE,FALSE,1990,SI87,blue
A/Wellington/4/1985,3.070324458,2.870847894,2.430758163,3.458706491,FALSE,TRUE,1985,BK79,green
A/Wellington/4/1985,2.971653486,2.105679597,3.300591883,4.182310731,TRUE,FALSE,1985,BK79,green
A/Wellington/5/1989,6.380441591,2.557520583,2.982352006,4.440223713,TRUE,FALSE,1989,SI87,blue
A/Wuhan/359/1995,7.696993242,8.87742611,7.755862947,7.034435957,FALSE,TRUE,1995,WU95,darkgreen
A/Wuhan/359/1995,7.119477646,8.7108983,7.603248448,6.570245657,TRUE,FALSE,1995,WU95,darkgreen
A/Yamagata/56/1993,4.5311222,6.133562733,9.478229907,8.138014951,TRUE,FALSE,1993,BE92,pink
A/Yamagata/61/1993,4.490552313,5.760574048,11.30453656,4.667206892,TRUE,FALSE,1993,BE92,pink
A/Yamagata/62/1993,4.274097225,6.679094172,9.33999047,8.435022138,TRUE,FALSE,1993,BE92,pink