"V1","V2","name","antigen","antiserum","Country","Subtype","year","cluster"
1.09049044812728,1.16081775404143,"ADA",TRUE,FALSE,"UNITED STATES","B",1986,"B"
3.09467551311277,3.87493390717403,"AMC009_1B5",TRUE,FALSE,"NETHERLANDS","B",1986,"B"
1.04064532609521,1.97387876752662,"JRCSF",TRUE,FALSE,"UNITED STATES","B",1986,"B"
-0.452778972641969,-0.0840087014916496,"JRCSF_N156Q",TRUE,FALSE,"UNITED STATES","B",1986,"B"
0.262755256317908,1.98453542347705,"JRCSF_N186Q",TRUE,FALSE,"UNITED STATES","B",1986,"B"
-0.237177846934224,0.250365705693473,"JRCSF_N197Q",TRUE,FALSE,"UNITED STATES","B",1986,"B"
0.162884236974693,1.7890054303993,"JRCSF_N276Q",TRUE,FALSE,"UNITED STATES","B",1986,"B"
1.05658865400048,2.22152706652559,"JRCSF_N295Q",TRUE,FALSE,"UNITED STATES","B",1986,"B"
-0.261540403236774,0.153267510316136,"JRCSF_N301Q",TRUE,FALSE,"UNITED STATES","B",1986,"B"
0.849304814087301,1.75673592088971,"JRCSF_N332Q",TRUE,FALSE,"UNITED STATES","B",1986,"B"
0.809069619937922,2.00005466805304,"JRCSF_N386Q",TRUE,FALSE,"UNITED STATES","B",1986,"B"
1.16391668354919,2.12488270015824,"JRCSF_N392Q",TRUE,FALSE,"UNITED STATES","B",1986,"B"
0.417011685633933,1.9379311188989,"JRCSF_N397Q",TRUE,FALSE,"UNITED STATES","B",1986,"B"
0.19628899448529,2.01302144808572,"JRCSF_N411Q",TRUE,FALSE,"UNITED STATES","B",1986,"B"
0.351956409384066,1.85105512482807,"JRCSF_N448Q",TRUE,FALSE,"UNITED STATES","B",1986,"B"
0.316394464894198,1.91890600694395,"JRCSF_N461Q",TRUE,FALSE,"UNITED STATES","B",1986,"B"
1.43277680938127,0.449473388914571,"JRFL",TRUE,FALSE,"UNITED STATES","B",1986,"B"
0.343228967318202,0.746887242239938,"JRFL_D197N",TRUE,FALSE,"UNITED STATES","B",1986,"B"
0.428661893502934,1.28394559390068,"JRFL_E168K",TRUE,FALSE,"UNITED STATES","B",1986,"B"
2.66710799852479,0.701088009463338,"YU2",TRUE,FALSE,"UNITED STATES","B",1986,"B"
1.92750808351506,1.98059377246184,"100307I_2_26",TRUE,FALSE,"UNITED STATES","B",1991,"B"
1.64652145378034,2.83619086808517,"100307I_2_7",TRUE,FALSE,"UNITED STATES","B",1991,"B"
1.75097003508628,3.45097218303612,"100383I_3_5",TRUE,FALSE,"UNITED STATES","B",1991,"B"
1.66038428338634,3.38011864835673,"100890I_2_1",TRUE,FALSE,"UNITED STATES","B",1991,"B"
1.61271833883891,3.60243043047327,"100890I_2_4",TRUE,FALSE,"UNITED STATES","B",1991,"B"
2.81076332411755,0.485079886019822,"100997I_2_18",TRUE,FALSE,"UNITED STATES","B",1991,"B"
4.13879765661662,2.17628366180426,"100997I_2_2",TRUE,FALSE,"UNITED STATES","B",1991,"B"
1.79932618025015,3.28206751798627,"101421I_2_11",TRUE,FALSE,"UNITED STATES","B",1991,"B"
1.69017181062478,3.23888346114085,"101421I_2_23",TRUE,FALSE,"UNITED STATES","B",1991,"B"
2.57108017703065,3.20350123027602,"101984I_10",TRUE,FALSE,"UNITED STATES","B",1991,"B"
2.59268268207688,4.00677375991045,"101984I_21",TRUE,FALSE,"UNITED STATES","B",1991,"B"
2.21747333849883,2.08125011340117,"DH12",TRUE,FALSE,"UNITED STATES","B",1991,"B"
2.05131519096426,2.05064408658096,"100155I_21",TRUE,FALSE,"UNITED STATES","B",1992,"B"
1.57372442126323,3.85431972439837,"102605I_33",TRUE,FALSE,"UNITED STATES","B",1992,"B"
3.01607313263373,4.24599535428464,"92BR020",TRUE,FALSE,"BRAZIL","B",1992,"B"
2.48492646037355,2.39942815650022,"92BR025_9",TRUE,FALSE,"BRAZIL","C",1992,"C"
1.37987092893606,1.96097546101274,"92US715",TRUE,FALSE,"UNITED STATES","B",1992,"B"
1.14328043067496,1.00548556042375,"HT593_1",TRUE,FALSE,"HAITI","B",1992,"B"
2.04986045164382,3.65571501649496,"100002I_2_1",TRUE,FALSE,"UNITED STATES","B",1993,"B"
2.00382004071657,2.34168672858324,"100014I_2_20",TRUE,FALSE,"UNITED STATES","B",1993,"B"
1.82431643745975,1.41786968514975,"100046I_3_2",TRUE,FALSE,"UNITED STATES","B",1993,"B"
1.48438278643154,1.12222688985044,"100052I_2_15",TRUE,FALSE,"UNITED STATES","B",1993,"B"
1.96022285378357,3.70922173652785,"100504I_20",TRUE,FALSE,"UNITED STATES","B",1993,"B"
2.24526525749928,2.18378660949766,"102149I_2_23",TRUE,FALSE,"UNITED STATES","B",1993,"B"
1.76760199991243,1.05162059566957,"102407I_2_1",TRUE,FALSE,"UNITED STATES","B",1993,"B"
2.82681924210517,3.69068485102679,"93IN905",TRUE,FALSE,"INDIA","C",1993,"C"
3.38844348002225,2.19683518214523,"93MW959",TRUE,FALSE,"MALAWI","C",1993,"C"
1.23521878766251,3.32631290527972,"93TH305",TRUE,FALSE,"THAILAND","B",1993,"B"
2.29737114122254,2.67889367510556,"MW965_26",TRUE,FALSE,"MALAWI","C",1993,"C"
1.92984547456273,2.66882088081496,"SC05_8C11_2344",TRUE,FALSE,"TRINIDAD AND TOBAGO","B",1993,"B"
2.12508856717069,2.21044262104118,"3988_25",TRUE,FALSE,"UNITED STATES","B",1995,"B"
2.00462928311477,1.49526238322513,"5768_4",TRUE,FALSE,"UNITED STATES","B",1995,"B"
0.676971943031251,4.38304972572956,"6240_08_TA5_4622",TRUE,FALSE,"UNITED STATES","B",1995,"B"
0.746931815557219,2.72059018560336,"6535_3",TRUE,FALSE,"UNITED STATES","B",1995,"B"
2.14954845874996,2.41132740149761,"QB099_391M_B1",TRUE,FALSE,"KENYA","C",1995,"C"
2.1698973184745,2.5235723909298,"QB099_391M_C8",TRUE,FALSE,"KENYA","C",1995,"C"
1.744550449649,2.12026162322626,"SC422_8",TRUE,FALSE,"TRINIDAD AND TOBAGO","B",1995,"B"
-0.11119648502378,2.17937444345693,"SC45_4B5_2631",TRUE,FALSE,"TRINIDAD AND TOBAGO","B",1995,"B"
1.72743774560156,3.60048070917664,"TRO_11",TRUE,FALSE,"ITALY","B",1995,"B"
0.858202387099189,3.5239998688117,"1006_11_C3_1601",TRUE,FALSE,"UNITED STATES","B",1997,"B"
2.60992778050612,2.4523109458595,"1012_11_TC21_3257",TRUE,FALSE,"UNITED STATES","B",1997,"B"
0.97832493457574,4.593490336403,"1054_07_TC4_1499",TRUE,FALSE,"UNITED STATES","B",1997,"B"
0.258030046364814,4.34039310203907,"62357_14_D3_4589",TRUE,FALSE,"UNITED STATES","B",1997,"B"
2.45827079196332,3.2745635966518,"97ZA009",TRUE,FALSE,"SOUTH AFRICA","C",1997,"C"
1.90664302996797,3.02364725202744,"QC406_70M_F3",TRUE,FALSE,"KENYA","C",1997,"C"
1.79963986292708,2.42467429102294,"SS1196_1",TRUE,FALSE,"UNITED STATES","B",1997,"B"
2.88054635117068,3.74903230957558,"ZA012_29",TRUE,FALSE,"SOUTH AFRICA","C",1997,"C"
0.965380263840609,2.78288520774533,"1056_10_TA11_1826",TRUE,FALSE,"UNITED STATES","B",1998,"B"
2.2116010777017,2.78405763847632,"AC10_29",TRUE,FALSE,"UNITED STATES","B",1998,"B"
2.18424694511392,1.4687150992343,"B41_9032_08_A1",TRUE,FALSE,"UNITED STATES","B",1998,"B"
2.75444310870662,1.79348020985002,"DU123_06",TRUE,FALSE,"SOUTH AFRICA","C",1998,"C"
3.2681199654703,1.98540976424525,"DU151_02",TRUE,FALSE,"SOUTH AFRICA","C",1998,"C"
0.0650907398119685,3.9749295759557,"DU172_17",TRUE,FALSE,"SOUTH AFRICA","C",1998,"C"
0.105062205255747,4.47044943974001,"DU422_1",TRUE,FALSE,"SOUTH AFRICA","C",1998,"C"
1.46645072963659,3.32536128893864,"TV1_29",TRUE,FALSE,"SOUTH AFRICA","C",1998,"C"
3.36679573790018,1.72140019622085,"ZM106_9",TRUE,FALSE,"ZAMBIA","C",1998,"C"
3.15367713173727,5.1469422623636,"ZM135_10A",TRUE,FALSE,"ZAMBIA","C",1998,"C"
3.65334826780342,2.57443722882637,"ZM55_28A",TRUE,FALSE,"ZAMBIA","C",1998,"C"
2.88702325326987,1.61961580331511,"16055_2_3",TRUE,FALSE,"INDIA","C",1999,"C"
3.87094236657542,2.06441805778093,"16055_2_3_DELGLY3_197",TRUE,FALSE,"INDIA","C",1999,"C"
2.83304211168878,1.08667838707054,"16055_2_3_DELGLY3_276",TRUE,FALSE,"INDIA","C",1999,"C"
3.46347379558339,1.495819303068,"16055_2_3_DELGLY3_463",TRUE,FALSE,"INDIA","C",1999,"C"
3.41707204571486,1.2968377120888,"16055_2_3_DELGLY4",TRUE,FALSE,"INDIA","C",1999,"C"
3.46478508883914,4.36738483528065,"16845_2_22",TRUE,FALSE,"INDIA","C",1999,"C"
2.59632319702766,2.98926523764508,"16936_2_21",TRUE,FALSE,"INDIA","C",1999,"C"
2.97310609543319,2.53640107579766,"25710_2_43",TRUE,FALSE,"INDIA","C",1999,"C"
2.65661243336088,2.77141239798509,"25711_2_4",TRUE,FALSE,"INDIA","C",1999,"C"
2.84956874082958,2.35328990434075,"25925_2_22",TRUE,FALSE,"INDIA","C",1999,"C"
2.27575107634355,2.49135316437653,"DU156_12",TRUE,FALSE,"SOUTH AFRICA","C",1999,"C"
3.41850993833314,1.89444496307887,"0013095_2_11",TRUE,FALSE,"INDIA","C",2000,"C"
2.92314765227974,2.98954649079795,"001428_2_42",TRUE,FALSE,"INDIA","C",2000,"C"
5.04571110327554,2.81871759256678,"00836_2_5",TRUE,FALSE,"INDIA","C",2000,"C"
2.92280876388622,2.29793978328972,"26191_2_48",TRUE,FALSE,"INDIA","C",2000,"C"
3.67593985868353,1.48585495561425,"541_F1_A7_2",TRUE,FALSE,"TANZANIA","C",2000,"C"
3.13739015289618,5.71724121396429,"98_F4_H5_13",TRUE,FALSE,"TANZANIA","C",2000,"C"
2.09703518147217,3.43164386267961,"RHPA4259_7",TRUE,FALSE,"UNITED STATES","B",2000,"B"
3.85078458901256,1.95143608075154,"THRO4156",TRUE,FALSE,"UNITED STATES","B",2000,"B"
1.88592253537484,2.33500123212812,"WITO4160_33",TRUE,FALSE,"UNITED STATES","B",2000,"B"
3.48075713001436,1.80635055863424,"ZM109_4",TRUE,FALSE,"ZAMBIA","C",2000,"C"
3.60956670100459,1.67099827117582,"ZM53_12",TRUE,FALSE,"ZAMBIA","C",2000,"C"
3.76349303794201,1.43025612825922,"234_F1_16_57",TRUE,FALSE,"TANZANIA","C",2001,"C"
4.20599341773437,2.2113761122607,"304_F2_1_11",TRUE,FALSE,"TANZANIA","C",2001,"C"
1.25249260229008,3.47076184624403,"346_F4_D2_12",TRUE,FALSE,"TANZANIA","C",2001,"C"
1.96916264896298,2.05040562365314,"45_01DG5",TRUE,FALSE,"UNITED STATES","B",2001,"B"
2.39484246078059,4.5404812142052,"556_F2_3_25",TRUE,FALSE,"TANZANIA","C",2001,"C"
4.65469351217231,3.50190479179469,"569_F1_37_10",TRUE,FALSE,"TANZANIA","C",2001,"C"
1.85933271976323,3.83901160970465,"APV_13",TRUE,FALSE,"UNITED STATES","B",2001,"B"
2.15434042475843,1.32265717072403,"REJO4541_67",TRUE,FALSE,"UNITED STATES","B",2001,"B"
2.72731884244441,4.07300217342032,"TRJO4551_58",TRUE,FALSE,"UNITED STATES","B",2001,"B"
3.8253316420053,1.12830356728958,"TZA125_17",TRUE,FALSE,"TANZANIA","C",2001,"C"
3.23688831234353,1.76358481223414,"TZBD_02",TRUE,FALSE,"TANZANIA","C",2001,"C"
2.59718160658484,2.25890842701749,"288_38",TRUE,FALSE,"ETHIOPIA","C",2002,"C"
1.47840512696486,4.62530645106873,"APV_17",TRUE,FALSE,"UNITED STATES","B",2002,"B"
3.25130853887783,1.09342364783843,"BF1266_431A",TRUE,FALSE,"MALAWI","C",2002,"C"
3.78882231531259,1.98477725717079,"BF329",TRUE,FALSE,"MALAWI","C",2002,"C"
2.74796808514046,2.40907581282806,"BF591",TRUE,FALSE,"MALAWI","C",2002,"C"
3.26617021845573,1.65648453496432,"BF703",TRUE,FALSE,"MALAWI","C",2002,"C"
2.74422233532005,2.08902812575958,"ZM197_7",TRUE,FALSE,"ZAMBIA","C",2002,"C"
2.67522104731638,3.45166818139547,"ZM215_8",TRUE,FALSE,"ZAMBIA","C",2002,"C"
4.06950137631487,2.98846157798573,"ZM233_6",TRUE,FALSE,"ZAMBIA","C",2002,"C"
3.20094557972129,0.420784595593733,"0077_V1_C16",TRUE,FALSE,"TANZANIA","C",2003,"C"
3.88393710169886,1.46701311283511,"249M_B10",TRUE,FALSE,"ZAMBIA","C",2003,"C"
2.70150018910047,3.64174224459486,"3301_V1_C24",TRUE,FALSE,"TANZANIA","C",2003,"C"
2.48963176677555,3.99492635452209,"3873_V1_C24",TRUE,FALSE,"TANZANIA","C",2003,"C"
6.26719475973204,3.35087445567133,"6471_V1_C16",TRUE,FALSE,"TANZANIA","C",2003,"C"
3.497326254394,2.07561641513222,"6838_V1_C35",TRUE,FALSE,"TANZANIA","C",2003,"C"
4.02160269431803,1.28805236425701,"CE0393_C3",TRUE,FALSE,"MALAWI","C",2003,"C"
1.13161759810454,4.62768918607848,"ZM214_15",TRUE,FALSE,"ZAMBIA","C",2003,"C"
1.36729007497219,4.50437879573502,"ZM246F",TRUE,FALSE,"ZAMBIA","C",2003,"C"
2.49904659551656,3.15193724017936,"ZM247_V1",TRUE,FALSE,"ZAMBIA","C",2003,"C"
3.60262284912098,1.5425204099652,"ZM249_1",TRUE,FALSE,"ZAMBIA","C",2003,"C"
3.64654752184599,1.43053172781708,"0921_V2_C14",TRUE,FALSE,"TANZANIA","C",2004,"C"
3.07456590391721,2.00750067217249,"1394_C9G1",TRUE,FALSE,"MALAWI","C",2004,"C"
4.15026043689425,5.40573182801141,"6631_V3_C10",TRUE,FALSE,"TANZANIA","C",2004,"C"
1.84865500670252,3.62440546423974,"6644_V2_C33",TRUE,FALSE,"TANZANIA","C",2004,"C"
2.31146828706121,4.33608366537347,"CAAN5342",TRUE,FALSE,"UNITED STATES","B",2004,"B"
3.3052112467106,3.08984003148341,"CE1086_B2",TRUE,FALSE,"MALAWI","C",2004,"C"
2.54834155014696,0.846597529025926,"CE1172_H1",TRUE,FALSE,"MALAWI","C",2004,"C"
3.14611137575011,3.05183257881081,"CE1176_A3",TRUE,FALSE,"MALAWI","C",2004,"C"
1.53635304037961,3.37426200116808,"CNE10",TRUE,FALSE,"CHINA","B",2004,"B"
1.92267398900565,4.20970420662753,"CNE12",TRUE,FALSE,"CHINA","B",2004,"B"
1.87644995021441,4.10338249487757,"CNE14",TRUE,FALSE,"CHINA","B",2004,"B"
3.60792671045303,2.03657746681924,"3168_V4_C10",TRUE,FALSE,"TANZANIA","C",2005,"C"
5.83466525475522,4.59730256290306,"3637_V5_C3",TRUE,FALSE,"TANZANIA","C",2005,"C"
4.68658170906412,-0.344816301750201,"6322_V4_C1",TRUE,FALSE,"TANZANIA","C",2005,"C"
2.83923709718651,3.00599225978003,"6785_V5_C14",TRUE,FALSE,"TANZANIA","C",2005,"C"
4.92119693777642,1.08184890003916,"CAP210_E8",TRUE,FALSE,"SOUTH AFRICA","C",2005,"C"
4.48735619665586,2.82442860718317,"CAP244_D3",TRUE,FALSE,"SOUTH AFRICA","C",2005,"C"
3.03660625426446,2.9024004218782,"CAP256_SU",TRUE,FALSE,"SOUTH AFRICA","C",2005,"C"
3.12907051544865,0.947714153068598,"CAP45_G3",TRUE,FALSE,"SOUTH AFRICA","C",2005,"C"
4.26948923268635,4.13139843322269,"CE2010_F5",TRUE,FALSE,"MALAWI","C",2005,"C"
3.51525717029066,1.1837896404592,"CE2060_G9",TRUE,FALSE,"MALAWI","C",2005,"C"
1.6943069306301,4.39472818977409,"CNE57",TRUE,FALSE,"CHINA","B",2005,"B"
3.65484608653324,1.70871567925292,"19707346_E8_C6",TRUE,FALSE,"SOUTH AFRICA","C",2006,"C"
3.01250237724214,3.92667361054931,"6022_V7_C24",TRUE,FALSE,"TANZANIA","C",2006,"C"
4.04590986275031,2.40374478560034,"6146_V7_C23",TRUE,FALSE,"TANZANIA","C",2006,"C"
3.02059458486604,1.0931495445272,"700010040_C9_4520",TRUE,FALSE,"UNITED STATES","B",2006,"B"
3.43474798734311,2.00136776302824,"B005018_8_F6_3",TRUE,FALSE,"BOTSWANA","C",2006,"C"
2.62245561576894,4.367889299597,"CAP136_1_16_E6_1",TRUE,FALSE,"SOUTH AFRICA","C",2006,"C"
3.4799296486691,1.90833654623066,"CAP177_1A3",TRUE,FALSE,"SOUTH AFRICA","C",2006,"C"
3.8881952016145,0.367530211061727,"CAP266_2_00_E9_H6",TRUE,FALSE,"SOUTH AFRICA","C",2006,"C"
3.93614258379655,1.93741552310151,"CAP69_1_12_TA7_1",TRUE,FALSE,"SOUTH AFRICA","C",2006,"C"
3.50339231767605,1.67166089152425,"CE2052_G10",TRUE,FALSE,"MALAWI","C",2006,"C"
2.00305095984972,4.25864709957748,"CNE4",TRUE,FALSE,"CHINA","B",2006,"B"
3.23227489185373,2.01169862583956,"CNE58",TRUE,FALSE,"CHINA","C",2006,"C"
4.44993609043626,5.51143350813706,"2969249",TRUE,FALSE,"SOUTH AFRICA","C",2007,"C"
4.56534894277234,1.49017882978719,"703010054_2A2",TRUE,FALSE,"MALAWI","C",2007,"C"
4.03424788471177,0.520422355844734,"703010131_1E2",TRUE,FALSE,"MALAWI","C",2007,"C"
1.15967399632361,4.77296106039707,"703010200_1E5",TRUE,FALSE,"MALAWI","C",2007,"C"
2.80539863793898,2.10355811764619,"703010217_B6",TRUE,FALSE,"MALAWI","C",2007,"C"
3.60199918735853,1.01443068706308,"704010042_2E5",TRUE,FALSE,"SOUTH AFRICA","C",2007,"C"
2.74646948787471,2.24050492077719,"704809221_1B3",TRUE,FALSE,"SOUTH AFRICA","C",2007,"C"
3.93053238435455,1.55301951264398,"704810053_2B7",TRUE,FALSE,"SOUTH AFRICA","C",2007,"C"
4.44397557512585,0.314667177570361,"705010185_TF",TRUE,FALSE,"SOUTH AFRICA","C",2007,"C"
4.08574375915607,2.32348801546523,"722_G4_16",TRUE,FALSE,"SOUTH AFRICA","C",2007,"C"
2.81422319843382,2.60935019224576,"CA392_H2_6",TRUE,FALSE,"SOUTH AFRICA","C",2007,"C"
3.55535462075014,1.9339562302793,"CNE17",TRUE,FALSE,"CHINA","C",2007,"C"
3.1388470743504,2.34965779766743,"CT072_56_7",TRUE,FALSE,"SOUTH AFRICA","C",2007,"C"
3.67599512871877,2.72086176912874,"CT140_140_B6",TRUE,FALSE,"SOUTH AFRICA","C",2007,"C"
2.24146901364368,4.3222445104692,"SO431_C1_1",TRUE,FALSE,"SOUTH AFRICA","C",2007,"C"
2.51713702453043,1.92269388284126,"X2278_C2_B6",TRUE,FALSE,"SPAIN","B",2007,"B"
4.01506025246799,1.99829062428079,"1170887_08",TRUE,FALSE,"SOUTH AFRICA","C",2008,"C"
1.94499259653488,4.71836764297981,"20883229_C9_H6",TRUE,FALSE,"SOUTH AFRICA","C",2008,"C"
4.27313960249736,1.35312195386872,"20915593",TRUE,FALSE,"SOUTH AFRICA","C",2008,"C"
4.02386771767109,3.60808286929984,"20927783",TRUE,FALSE,"SOUTH AFRICA","C",2008,"C"
2.10094697748995,4.51153105904966,"CA240_A5_5",TRUE,FALSE,"SOUTH AFRICA","C",2008,"C"
4.08967086676496,1.18364934561347,"CAP290_2_00_23_6",TRUE,FALSE,"SOUTH AFRICA","C",2008,"C"
2.8726092524382,3.27850680076461,"CAP307_2_00_24_1",TRUE,FALSE,"SOUTH AFRICA","C",2008,"C"
3.29787356539212,1.31140223162076,"CH505_TF",TRUE,FALSE,"MALAWI","C",2008,"C"
3.00897392024605,1.28089359767627,"CH505_TF_DELGLY3_197",TRUE,FALSE,"MALAWI","C",2008,"C"
2.84282431081399,1.23091255022296,"CH505_TF_DELGLY3_276",TRUE,FALSE,"MALAWI","C",2008,"C"
2.80596187197001,1.00972585478704,"CH505_TF_DELGLY3_461",TRUE,FALSE,"MALAWI","C",2008,"C"
2.71630065425046,1.23815986037574,"CH505_TF_DELGLY4",TRUE,FALSE,"MALAWI","C",2008,"C"
2.67114362752887,-0.0542898656811012,"CH505_TF_G458Y",TRUE,FALSE,"MALAWI","C",2008,"C"
2.82918569884847,-0.376466652742976,"CH505_TF_N279K",TRUE,FALSE,"MALAWI","C",2008,"C"
2.48942960966405,-0.0121958406998282,"CH505_TF_N279K_G458Y",TRUE,FALSE,"MALAWI","C",2008,"C"
2.58118566727089,0.0237914158279,"CH505_TF_N279K_N280D_G458Y",TRUE,FALSE,"MALAWI","C",2008,"C"
2.77050601802208,1.56831466868263,"CH505_W4_3",TRUE,FALSE,"MALAWI","C",2008,"C"
3.501645831228,2.43951576336449,"CT966_E1_7",TRUE,FALSE,"SOUTH AFRICA","C",2008,"C"
3.21178995690936,3.70935711679375,"KO426_N276D",TRUE,FALSE,"SOUTH AFRICA","C",2008,"C"
3.1164797224197,2.99188905291658,"KO426_S278R_N460D_N463D_G471S",TRUE,FALSE,"SOUTH AFRICA","C",2008,"C"
4.35557865923452,4.05393522557392,"KO426_T78_10",TRUE,FALSE,"SOUTH AFRICA","C",2008,"C"
2.98735648332383,3.51051998950672,"KO459_T68_4",TRUE,FALSE,"SOUTH AFRICA","C",2008,"C"
3.90915218740897,1.71144349622262,"KO870_C2_10",TRUE,FALSE,"SOUTH AFRICA","C",2008,"C"
1.85084288608584,4.43056877129335,"SO032_A2_8_1",TRUE,FALSE,"SOUTH AFRICA","C",2008,"C"
4.60089754670484,3.98620652435687,"SO607_B6_9",TRUE,FALSE,"SOUTH AFRICA","C",2008,"C"
2.9892616542102,2.1981288259145,"20286961_C1_H8",TRUE,FALSE,"SOUTH AFRICA","C",2009,"C"
4.36016919336447,3.2016043882519,"20965238",TRUE,FALSE,"SOUTH AFRICA","C",2009,"C"
3.82667173383857,5.74458343862772,"21197826_V1",TRUE,FALSE,"SOUTH AFRICA","C",2009,"C"
4.0494994820023,3.48778343300491,"21283649",TRUE,FALSE,"SOUTH AFRICA","C",2009,"C"
2.16221242711596,4.28669343315193,"21492713_B11_E3",TRUE,FALSE,"SOUTH AFRICA","C",2009,"C"
2.12695330391939,4.90226522705682,"21502011_F12_E2",TRUE,FALSE,"SOUTH AFRICA","C",2009,"C"
3.65575312900313,1.83552732092763,"21561324_D3_B5",TRUE,FALSE,"SOUTH AFRICA","C",2009,"C"
2.45846378709588,4.09666367040001,"CA146_H3_3",TRUE,FALSE,"SOUTH AFRICA","C",2009,"C"
2.95230673461206,3.42174213698418,"CAP363_2_00_10_3",TRUE,FALSE,"SOUTH AFRICA","C",2009,"C"
3.98734153041405,0.695719185910699,"CT565_C7_48",TRUE,FALSE,"SOUTH AFRICA","C",2009,"C"
3.68971559669782,2.08680994692358,"KO243_H6_3",TRUE,FALSE,"SOUTH AFRICA","C",2009,"C"
1.61270316596892,3.94097015654338,"093_BT_SGA13",TRUE,FALSE,"SOUTH AFRICA","C",2014,"C"
1.85764109424554,2.12249775450808,"093_BT_SGA3",TRUE,FALSE,"SOUTH AFRICA","C",2014,"C"
4.4284775729423,2.91929986175127,"186_BT_SGA1",TRUE,FALSE,"SOUTH AFRICA","C",2014,"C"
2.25079810436868,3.18155148503189,"318_TF_SGA2",TRUE,FALSE,"SOUTH AFRICA","C",2014,"C"
1.68476316477964,2.28001597887136,"329_14_B1",TRUE,FALSE,"INDIA","C",2014,"C"
2.17023526568012,3.69672350275579,"329_14_B4",TRUE,FALSE,"INDIA","C",2014,"C"
3.95800799694492,2.92761754373903,"330_14_A12",TRUE,FALSE,"INDIA","C",2014,"C"
3.66996873451328,3.91829116213179,"330_14_A20",TRUE,FALSE,"INDIA","C",2014,"C"
2.27505032156506,3.47310726965064,"036_BT_SGA4",TRUE,FALSE,"SOUTH AFRICA","C",2015,"C"
1.95786400739592,2.44806390860486,"093_AT_SGA1",TRUE,FALSE,"SOUTH AFRICA","C",2015,"C"
4.70546305414297,3.406046797681,"102_BT_SGA3",TRUE,FALSE,"SOUTH AFRICA","C",2015,"C"
2.36566245735566,4.28185535051955,"186_AT_SGA1",TRUE,FALSE,"SOUTH AFRICA","C",2015,"C"
1.94597828126897,4.47347536075967,"186_AT_SGA5",TRUE,FALSE,"SOUTH AFRICA","C",2015,"C"
3.90256020405155,3.79266678202789,"329_15_A1",TRUE,FALSE,"INDIA","C",2015,"C"
2.55504991774115,4.46355749847756,"329_15_B1",TRUE,FALSE,"INDIA","C",2015,"C"
2.02336881578782,4.99089548082955,"330_15_C36",TRUE,FALSE,"INDIA","C",2015,"C"
2.2230685067291,5.04057236010687,"330_15_D36",TRUE,FALSE,"INDIA","C",2015,"C"
2.53683850364596,5.12742767473275,"330_15_E36",TRUE,FALSE,"INDIA","C",2015,"C"
4.30056446262485,3.0935824421674,"451_AT_SGA5",TRUE,FALSE,"SOUTH AFRICA","C",2015,"C"
2.59313410295541,2.6630529341675,"451_TF_SGA2",TRUE,FALSE,"SOUTH AFRICA","C",2015,"C"
4.35453387946257,3.4780471997274,"079_LN_SGA3",TRUE,FALSE,"SOUTH AFRICA","C",2016,"C"
2.57602283307245,3.85486110065831,"079_LN_SGA9",TRUE,FALSE,"SOUTH AFRICA","C",2016,"C"
1.95521036132803,2.72615852139092,"079_PBMC_SGA12",TRUE,FALSE,"SOUTH AFRICA","C",2016,"C"
3.88802748973189,3.43180648590448,"079_PBMC_SGA17",TRUE,FALSE,"SOUTH AFRICA","C",2016,"C"
4.17455191433799,3.70325443801,"079_PBMC_SGA7",TRUE,FALSE,"SOUTH AFRICA","C",2016,"C"
2.00976099858098,2.94488514194142,"102_AT_SGA1",TRUE,FALSE,"SOUTH AFRICA","C",2016,"C"
3.08140824462308,4.58057575684308,"329_16_C1",TRUE,FALSE,"INDIA","C",2016,"C"
2.92831948753271,4.89978865974229,"329_16_D5",TRUE,FALSE,"INDIA","C",2016,"C"
3.38041611922202,4.92678863332262,"330_16_A2",TRUE,FALSE,"INDIA","C",2016,"C"
3.21515417314597,5.11001571695268,"330_16_D4",TRUE,FALSE,"INDIA","C",2016,"C"
2.16223600948191,1.75508131410267,"330_16_E6",TRUE,FALSE,"INDIA","C",2016,"C"
3.75271406780657,4.53372429796984,"330_16_H2",TRUE,FALSE,"INDIA","C",2016,"C"
3.13583445769648,2.70721540253874,"651_AT_SGA5",TRUE,FALSE,"SOUTH AFRICA","C",2016,"C"
2.8251106984921,2.80674682693967,"651_AT_SGA8",TRUE,FALSE,"SOUTH AFRICA","C",2016,"C"
2.50235935660664,2.66908422378447,"651_LN_C40",TRUE,FALSE,"SOUTH AFRICA","C",2016,"C"
2.46110953087642,2.52427380557521,"651_LN_C43",TRUE,FALSE,"SOUTH AFRICA","C",2016,"C"
3.17055400358247,5.91780452457821,"VA40774",TRUE,FALSE,"UNITED STATES","B",2016,"B"
3.09991548271042,1.4928233311056,"AIIMS731_73105B",TRUE,FALSE,"INDIA","C",2017,"C"
3.06659120764081,1.57134555700463,"AIIMS731_73105C",TRUE,FALSE,"INDIA","C",2017,"C"
2.97640919928797,1.50888814528075,"AIIMS731_73105D",TRUE,FALSE,"INDIA","C",2017,"C"
3.16759547575695,1.48618910258384,"AIIMS731_73105E",TRUE,FALSE,"INDIA","C",2017,"C"
3.7463313127767,3.40327363457491,"AIIMS731_73105H",TRUE,FALSE,"INDIA","C",2017,"C"
4.08455710242673,3.16497990026035,"AIIMS731_73106F",TRUE,FALSE,"INDIA","C",2017,"C"
5.56457076023984,4.40161236873331,"B004_ENV02",TRUE,FALSE,"UNITED STATES","B",2017,"B"
3.0320688310115,4.77503325494383,"B005_ENV03",TRUE,FALSE,"UNITED STATES","B",2017,"B"
2.8207608303717,4.32891376255583,"B006_ENV02",TRUE,FALSE,"UNITED STATES","B",2017,"B"
2.73870461503479,4.36092908284312,"B006_ENV10",TRUE,FALSE,"UNITED STATES","B",2017,"B"
1.33535059472015,4.59080003687446,"B012_ENV02",TRUE,FALSE,"UNITED STATES","B",2017,"B"
3.48067008023847,3.8814565605479,"B013_ENV02",TRUE,FALSE,"UNITED STATES","B",2017,"B"
3.28631517362364,2.85489302599321,"B016_ENV01",TRUE,FALSE,"UNITED STATES","B",2017,"B"
2.70584873106453,4.89678266778255,"B016_ENV02",TRUE,FALSE,"UNITED STATES","B",2017,"B"
1.19550088768371,2.67141702554846,"B023_ENV09",TRUE,FALSE,"UNITED STATES","B",2017,"B"
3.24125654048501,2.93912159977749,"B024_ENV01",TRUE,FALSE,"UNITED STATES","B",2017,"B"
2.28545666413749,4.92699661259331,"B025_ENV04",TRUE,FALSE,"UNITED STATES","B",2017,"B"
2.91706979692929,3.93855121255195,"V704_0026_231_RE_PBSGA001_S",TRUE,FALSE,"PERU","B",2019,"B"
4.08150203687648,3.26797559733286,"V704_0372_250_RE_PBLIB001_S",TRUE,FALSE,"PERU","B",2019,"B"
2.02074443913495,4.05219678766518,"V704_0445_180_RE_CON_S",TRUE,FALSE,"PERU","B",2019,"B"
2.76234830059643,3.97295620449608,"V704_0856_240_RE_PB001_S",TRUE,FALSE,"UNITED STATES","B",2019,"B"
2.92930863328585,4.65118267341672,"V704_0886_250_RE_P001S",TRUE,FALSE,"PERU","B",2019,"B"
5.03648471191183,3.26291807868483,"V704_0944_180_RE_CS",TRUE,FALSE,"PERU","B",2019,"B"
2.85380868928795,4.48704574495695,"V704_1528_240_RE_PBLIB_001_S",TRUE,FALSE,"PERU","B",2019,"B"
2.9961463745085,4.41127702967239,"V704_1783_150_RE_CS",TRUE,FALSE,"PERU","B",2019,"B"
2.97280020091315,3.79122536149078,"V704_2095_130_RE_CS",TRUE,FALSE,"PERU","B",2019,"B"
2.13238342360843,4.5693325673569,"V704_2555_240_RE_CON_S_VPUG",TRUE,FALSE,"PERU","B",2019,"B"
4.28066022883922,4.3424815812057,"V704_2834_210_RE_PB001_S",TRUE,FALSE,"BRAZIL","B",2019,"B"
4.04203100527643,4.41516566533768,"V704_2834_210_RE_PB002_S",TRUE,FALSE,"BRAZIL","B",2019,"B"
4.92908233015812,3.93387235510379,"V704_2839_140_RE_CS",TRUE,FALSE,"PERU","B",2019,"B"
