"V1","V2","name","antigen","antiserum","Country","Subtype","year"
1.41212207778573,1.11976478947516,"ADA",TRUE,FALSE,"UNITED STATES","B",1986
4.29741873182577,2.38283019255854,"AMC009_1B5",TRUE,FALSE,"NETHERLANDS","B",1986
1.80300155640016,1.55920810730988,"JRCSF",TRUE,FALSE,"UNITED STATES","B",1986
0.396362869075591,-0.575620967234229,"JRCSF_N156Q",TRUE,FALSE,"UNITED STATES","B",1986
1.70397087899544,1.21950471351956,"JRCSF_N186Q",TRUE,FALSE,"UNITED STATES","B",1986
0.605113701739338,-0.379443069548131,"JRCSF_N197Q",TRUE,FALSE,"UNITED STATES","B",1986
1.49389049940454,0.913944229882504,"JRCSF_N276Q",TRUE,FALSE,"UNITED STATES","B",1986
1.25889613808454,1.92133136362438,"JRCSF_N295Q",TRUE,FALSE,"UNITED STATES","B",1986
0.508310529448475,-0.34761104971615,"JRCSF_N301Q",TRUE,FALSE,"UNITED STATES","B",1986
0.593804314976456,1.5373810986368,"JRCSF_N332Q",TRUE,FALSE,"UNITED STATES","B",1986
1.18246049380887,1.54101985102644,"JRCSF_N386Q",TRUE,FALSE,"UNITED STATES","B",1986
1.13008371293088,2.08700152219111,"JRCSF_N392Q",TRUE,FALSE,"UNITED STATES","B",1986
1.64761152264348,1.20942373498835,"JRCSF_N397Q",TRUE,FALSE,"UNITED STATES","B",1986
1.68567560549378,0.877664715516337,"JRCSF_N411Q",TRUE,FALSE,"UNITED STATES","B",1986
1.66893941152329,0.970452390170982,"JRCSF_N448Q",TRUE,FALSE,"UNITED STATES","B",1986
1.5286609156886,0.992071624367644,"JRCSF_N461Q",TRUE,FALSE,"UNITED STATES","B",1986
2.14630914223886,0.224985709228293,"JRFL",TRUE,FALSE,"UNITED STATES","B",1986
1.60545240477969,-0.0452604459279707,"JRFL_D197N",TRUE,FALSE,"UNITED STATES","B",1986
1.36181882664804,0.417022914539731,"JRFL_E168K",TRUE,FALSE,"UNITED STATES","B",1986
2.99585191573138,1.52264616751366,"YU2",TRUE,FALSE,"UNITED STATES","B",1986
2.50268330069166,1.60771447059632,"100307I_2_26",TRUE,FALSE,"UNITED STATES","B",1991
3.11379509480996,1.30066460167918,"100307I_2_7",TRUE,FALSE,"UNITED STATES","B",1991
3.45003404956422,1.21735839397575,"100383I_3_5",TRUE,FALSE,"UNITED STATES","B",1991
3.36379515214748,1.2035011310565,"100890I_2_1",TRUE,FALSE,"UNITED STATES","B",1991
3.58359113898968,0.94348799857469,"100890I_2_4",TRUE,FALSE,"UNITED STATES","B",1991
3.04077759470768,3.52467689124995,"100997I_2_18",TRUE,FALSE,"UNITED STATES","B",1991
4.11650377560528,3.31927461858994,"100997I_2_2",TRUE,FALSE,"UNITED STATES","B",1991
3.29371665079239,1.24710339590996,"101421I_2_11",TRUE,FALSE,"UNITED STATES","B",1991
3.27075163120248,1.25956402836814,"101421I_2_23",TRUE,FALSE,"UNITED STATES","B",1991
3.568559883462,2.08070667205718,"101984I_10",TRUE,FALSE,"UNITED STATES","B",1991
4.20099213511771,1.63364945924708,"101984I_21",TRUE,FALSE,"UNITED STATES","B",1991
2.22736772429712,2.67574288838437,"DH12",TRUE,FALSE,"UNITED STATES","B",1991
2.80377709951215,1.64764072954541,"100155I_21",TRUE,FALSE,"UNITED STATES","B",1992
3.78914845205713,0.750580344478517,"102605I_33",TRUE,FALSE,"UNITED STATES","B",1992
4.49009126952657,2.62682650286846,"92BR020",TRUE,FALSE,"BRAZIL","B",1992
3.02924007377121,2.44480116235528,"92BR025_9",TRUE,FALSE,"BRAZIL","C",1992
2.06982806871513,1.56351780450805,"92US715",TRUE,FALSE,"UNITED STATES","B",1992
0.667838297629244,1.58106780110693,"HT593_1",TRUE,FALSE,"HAITI","B",1992
3.65117813495298,1.39940807659358,"100002I_2_1",TRUE,FALSE,"UNITED STATES","B",1993
2.89660393123146,2.34414878305887,"100014I_2_20",TRUE,FALSE,"UNITED STATES","B",1993
1.97342349274245,2.3799487250892,"100046I_3_2",TRUE,FALSE,"UNITED STATES","B",1993
2.0064618684103,1.25166180140859,"100052I_2_15",TRUE,FALSE,"UNITED STATES","B",1993
3.89728502909045,1.23527717160823,"100504I_20",TRUE,FALSE,"UNITED STATES","B",1993
2.19305560682422,2.59840541858059,"102149I_2_23",TRUE,FALSE,"UNITED STATES","B",1993
1.58306465676289,2.22887237640911,"102407I_2_1",TRUE,FALSE,"UNITED STATES","B",1993
4.00161259619193,2.38147833541381,"93IN905",TRUE,FALSE,"INDIA","C",1993
2.523214068398,3.75446378415052,"93MW959",TRUE,FALSE,"MALAWI","C",1993
3.14436752798848,0.866891359011447,"93TH305",TRUE,FALSE,"THAILAND","B",1993
2.72463349315622,2.69174375123315,"MW965_26",TRUE,FALSE,"MALAWI","C",1993
2.85705932461947,1.84929085996901,"SC05_8C11_2344",TRUE,FALSE,"TRINIDAD AND TOBAGO","B",1993
2.06143466742381,2.50149936095324,"3988_25",TRUE,FALSE,"UNITED STATES","B",1995
2.05356173140968,2.26751858213901,"5768_4",TRUE,FALSE,"UNITED STATES","B",1995
4.15847278371152,0.36797547127985,"6240_08_TA5_4622",TRUE,FALSE,"UNITED STATES","B",1995
2.57442666301742,1.03333137310167,"6535_3",TRUE,FALSE,"UNITED STATES","B",1995
2.56047179086881,2.58388475019674,"QB099_391M_B1",TRUE,FALSE,"KENYA","C",1995
2.56736553287466,2.56560831247486,"QB099_391M_C8",TRUE,FALSE,"KENYA","C",1995
1.96897344641541,1.94424989487883,"SC422_8",TRUE,FALSE,"TRINIDAD AND TOBAGO","B",1995
2.10040855383747,0.596457008119507,"SC45_4B5_2631",TRUE,FALSE,"TRINIDAD AND TOBAGO","B",1995
3.53856442358326,1.77336968675074,"TRO_11",TRUE,FALSE,"ITALY","B",1995
3.31186006881175,1.04090210412182,"1006_11_C3_1601",TRUE,FALSE,"UNITED STATES","B",1997
2.45080517379809,3.11996179609796,"1012_11_TC21_3257",TRUE,FALSE,"UNITED STATES","B",1997
4.57647663554664,1.02474515058763,"1054_07_TC4_1499",TRUE,FALSE,"UNITED STATES","B",1997
4.17726390501901,0.350903714022262,"62357_14_D3_4589",TRUE,FALSE,"UNITED STATES","B",1997
3.54681589560628,2.81443911330755,"97ZA009",TRUE,FALSE,"SOUTH AFRICA","C",1997
2.90753372179839,2.00729835983387,"QC406_70M_F3",TRUE,FALSE,"KENYA","C",1997
2.45138800650581,2.19282145960859,"SS1196_1",TRUE,FALSE,"UNITED STATES","B",1997
3.7509511815956,3.11897108009059,"ZA012_29",TRUE,FALSE,"SOUTH AFRICA","C",1997
2.15167193689167,2.36250523402379,"1056_10_TA11_1826",TRUE,FALSE,"UNITED STATES","B",1998
1.95809245499362,3.44447533092276,"AC10_29",TRUE,FALSE,"UNITED STATES","B",1998
1.60495044171428,2.71879964498237,"B41_9032_08_A1",TRUE,FALSE,"UNITED STATES","B",1998
1.36718403333918,3.17999552100218,"DU123_06",TRUE,FALSE,"SOUTH AFRICA","C",1998
1.63997045529297,3.68714308515992,"DU151_02",TRUE,FALSE,"SOUTH AFRICA","C",1998
4.33871702945763,0.799510982266275,"DU172_17",TRUE,FALSE,"SOUTH AFRICA","C",1998
4.64872310697454,1.24648993740967,"DU422_1",TRUE,FALSE,"SOUTH AFRICA","C",1998
1.83237702426184,3.82884805695253,"TV1_29",TRUE,FALSE,"SOUTH AFRICA","C",1998
2.17820218283421,3.45860673381844,"ZM106_9",TRUE,FALSE,"ZAMBIA","C",1998
5.47901867149802,2.49206803473866,"ZM135_10A",TRUE,FALSE,"ZAMBIA","C",1998
2.92658277641093,3.74203858708899,"ZM55_28A",TRUE,FALSE,"ZAMBIA","C",1998
1.81671330119444,3.36980710518512,"16055_2_3",TRUE,FALSE,"INDIA","C",1999
2.02231172659014,4.33535331191616,"16055_2_3_DELGLY3_197",TRUE,FALSE,"INDIA","C",1999
1.54632728021048,3.05336245657385,"16055_2_3_DELGLY3_276",TRUE,FALSE,"INDIA","C",1999
1.69180229649102,3.78922867934062,"16055_2_3_DELGLY3_463",TRUE,FALSE,"INDIA","C",1999
1.71430016852344,3.63345452905532,"16055_2_3_DELGLY4",TRUE,FALSE,"INDIA","C",1999
4.75176712869104,3.27128863789683,"16845_2_22",TRUE,FALSE,"INDIA","C",1999
3.22764522502295,2.57960294136041,"16936_2_21",TRUE,FALSE,"INDIA","C",1999
2.66367622217096,3.45707811583655,"25710_2_43",TRUE,FALSE,"INDIA","C",1999
2.67012419262653,3.15798894719725,"25711_2_4",TRUE,FALSE,"INDIA","C",1999
2.45353682253659,3.26088010203264,"25925_2_22",TRUE,FALSE,"INDIA","C",1999
2.15339559295515,2.9866829360287,"DU156_12",TRUE,FALSE,"SOUTH AFRICA","C",1999
2.24304773360137,3.99320458822412,"0013095_2_11",TRUE,FALSE,"INDIA","C",2000
3.07682641200479,3.30075693270301,"001428_2_42",TRUE,FALSE,"INDIA","C",2000
3.38036883334166,5.17874409843312,"00836_2_5",TRUE,FALSE,"INDIA","C",2000
2.34508396028985,3.28653140334807,"26191_2_48",TRUE,FALSE,"INDIA","C",2000
1.95935164834683,4.03837673063016,"541_F1_A7_2",TRUE,FALSE,"TANZANIA","C",2000
5.68964399441267,1.39912659824251,"98_F4_H5_13",TRUE,FALSE,"TANZANIA","C",2000
3.42202698936406,2.15377947596853,"RHPA4259_7",TRUE,FALSE,"UNITED STATES","B",2000
2.29079580032975,4.08237053108711,"THRO4156",TRUE,FALSE,"UNITED STATES","B",2000
2.25507870907312,2.24627020202381,"WITO4160_33",TRUE,FALSE,"UNITED STATES","B",2000
2.24753936652493,3.99656884797906,"ZM109_4",TRUE,FALSE,"ZAMBIA","C",2000
1.86267809108213,4.09538851975579,"ZM53_12",TRUE,FALSE,"ZAMBIA","C",2000
1.68414118238933,4.24781526824282,"234_F1_16_57",TRUE,FALSE,"TANZANIA","C",2001
2.62134639379941,4.62642454610909,"304_F2_1_11",TRUE,FALSE,"TANZANIA","C",2001
3.1920114671547,1.26712432801096,"346_F4_D2_12",TRUE,FALSE,"TANZANIA","C",2001
2.00212254775274,2.31629993502826,"45_01DG5",TRUE,FALSE,"UNITED STATES","B",2001
4.47482288115362,2.17675613116586,"556_F2_3_25",TRUE,FALSE,"TANZANIA","C",2001
4.16392254911993,4.49063579535495,"569_F1_37_10",TRUE,FALSE,"TANZANIA","C",2001
3.60176618052022,1.58111185426909,"APV_13",TRUE,FALSE,"UNITED STATES","B",2001
1.40700191578804,2.6513959196521,"REJO4541_67",TRUE,FALSE,"UNITED STATES","B",2001
4.13894169529693,2.83611976570071,"TRJO4551_58",TRUE,FALSE,"UNITED STATES","B",2001
1.50056925675245,4.19914889484981,"TZA125_17",TRUE,FALSE,"TANZANIA","C",2001
1.91284955574005,3.62156660229118,"TZBD_02",TRUE,FALSE,"TANZANIA","C",2001
2.43154996621671,3.21115925153854,"288_38",TRUE,FALSE,"ETHIOPIA","C",2002
4.57046576991976,1.49307874222847,"APV_17",TRUE,FALSE,"UNITED STATES","B",2002
1.45117060226867,3.93259546054849,"BF1266_431A",TRUE,FALSE,"MALAWI","C",2002
2.59294640868592,4.1195221864656,"BF329",TRUE,FALSE,"MALAWI","C",2002
2.92555075582374,2.88011693787736,"BF591",TRUE,FALSE,"MALAWI","C",2002
3.18644267678586,2.32212120372427,"BF703",TRUE,FALSE,"MALAWI","C",2002
2.1788956897188,3.29220530917088,"ZM197_7",TRUE,FALSE,"ZAMBIA","C",2002
3.68420705273496,2.67343544853889,"ZM215_8",TRUE,FALSE,"ZAMBIA","C",2002
2.54957726908027,4.83659149334102,"ZM233_6",TRUE,FALSE,"ZAMBIA","C",2002
0.552922860534174,3.58442783325424,"0077_V1_C16",TRUE,FALSE,"TANZANIA","C",2003
1.8046464586262,4.30380256839341,"249M_B10",TRUE,FALSE,"ZAMBIA","C",2003
3.68296337094419,2.80599545277567,"3301_V1_C24",TRUE,FALSE,"TANZANIA","C",2003
4.11098591816038,2.41851204348586,"3873_V1_C24",TRUE,FALSE,"TANZANIA","C",2003
4.79490173797064,5.67040892849733,"6471_V1_C16",TRUE,FALSE,"TANZANIA","C",2003
2.08969387924516,3.8082097849997,"6838_V1_C35",TRUE,FALSE,"TANZANIA","C",2003
1.53914360324134,4.44685089803235,"CE0393_C3",TRUE,FALSE,"MALAWI","C",2003
4.52467412788401,1.35633057051056,"ZM214_15",TRUE,FALSE,"ZAMBIA","C",2003
4.5356847611292,1.14061663558121,"ZM246F",TRUE,FALSE,"ZAMBIA","C",2003
3.07098828834424,2.75142938505621,"ZM247_V1",TRUE,FALSE,"ZAMBIA","C",2003
1.49850094943675,4.14829237635271,"ZM249_1",TRUE,FALSE,"ZAMBIA","C",2003
1.67100327140941,4.35624555669236,"0921_V2_C14",TRUE,FALSE,"TANZANIA","C",2004
1.97598271736521,3.26950967654201,"1394_C9G1",TRUE,FALSE,"MALAWI","C",2004
5.87694406451584,2.64890517644083,"6631_V3_C10",TRUE,FALSE,"TANZANIA","C",2004
3.63887220084657,1.94964888487075,"6644_V2_C33",TRUE,FALSE,"TANZANIA","C",2004
4.3111863835227,2.46424000732235,"CAAN5342",TRUE,FALSE,"UNITED STATES","B",2004
3.2964732578108,3.56868249684083,"CE1086_B2",TRUE,FALSE,"MALAWI","C",2004
0.83862218612681,2.46291533459165,"CE1172_H1",TRUE,FALSE,"MALAWI","C",2004
3.12823828838138,3.49672955190835,"CE1176_A3",TRUE,FALSE,"MALAWI","C",2004
3.31007518011916,1.74087508799261,"CNE10",TRUE,FALSE,"CHINA","B",2004
4.14715343909885,2.11021186690429,"CNE12",TRUE,FALSE,"CHINA","B",2004
3.99609233330034,2.07975555091555,"CNE14",TRUE,FALSE,"CHINA","B",2004
2.33173367969141,4.06227306385158,"3168_V4_C10",TRUE,FALSE,"TANZANIA","C",2005
5.76287628434905,4.82821921605273,"3637_V5_C3",TRUE,FALSE,"TANZANIA","C",2005
-0.43647722644814,5.16737777987922,"6322_V4_C1",TRUE,FALSE,"TANZANIA","C",2005
2.81547835956737,3.43194688841902,"6785_V5_C14",TRUE,FALSE,"TANZANIA","C",2005
0.971815337250013,5.40447756485749,"CAP210_E8",TRUE,FALSE,"SOUTH AFRICA","C",2005
3.19441972419788,4.96298230304904,"CAP244_D3",TRUE,FALSE,"SOUTH AFRICA","C",2005
2.67251468885386,3.61115273419475,"CAP256_SU",TRUE,FALSE,"SOUTH AFRICA","C",2005
1.05971150857238,3.50558054762269,"CAP45_G3",TRUE,FALSE,"SOUTH AFRICA","C",2005
4.81705952329361,4.08069797858389,"CE2010_F5",TRUE,FALSE,"MALAWI","C",2005
1.53093610582368,3.98618516575787,"CE2060_G9",TRUE,FALSE,"MALAWI","C",2005
4.33372622767147,1.90890363614392,"CNE57",TRUE,FALSE,"CHINA","B",2005
1.92769836776722,3.93576458095746,"19707346_E8_C6",TRUE,FALSE,"SOUTH AFRICA","C",2006
3.97929822548363,3.23205671854853,"6022_V7_C24",TRUE,FALSE,"TANZANIA","C",2006
2.99219001323303,4.281046176847,"6146_V7_C23",TRUE,FALSE,"TANZANIA","C",2006
3.29782424439275,2.01671536047838,"700010040_C9_4520",TRUE,FALSE,"UNITED STATES","B",2006
2.26401223318336,3.93681302742865,"B005018_8_F6_3",TRUE,FALSE,"BOTSWANA","C",2006
4.24988428876617,2.67784491459481,"CAP136_1_16_E6_1",TRUE,FALSE,"SOUTH AFRICA","C",2006
2.23181627356735,3.89653892054815,"CAP177_1A3",TRUE,FALSE,"SOUTH AFRICA","C",2006
0.570602867446097,4.44117704816421,"CAP266_2_00_E9_H6",TRUE,FALSE,"SOUTH AFRICA","C",2006
3.65641811801035,2.955800353883,"CAP69_1_12_TA7_1",TRUE,FALSE,"SOUTH AFRICA","C",2006
2.05726006446548,3.96913018289683,"CE2052_G10",TRUE,FALSE,"MALAWI","C",2006
4.10092085079733,2.15327288777015,"CNE4",TRUE,FALSE,"CHINA","B",2006
2.18304503351119,3.69807761648224,"CNE58",TRUE,FALSE,"CHINA","C",2006
5.81601340340233,4.26705082604708,"2969249",TRUE,FALSE,"SOUTH AFRICA","C",2007
1.92736987693029,5.27056455355663,"703010054_2A2",TRUE,FALSE,"MALAWI","C",2007
0.852537240006405,4.67262469204374,"703010131_1E2",TRUE,FALSE,"MALAWI","C",2007
4.50538134626473,0.862382533495393,"703010200_1E5",TRUE,FALSE,"MALAWI","C",2007
1.97564019197236,3.23132982958901,"703010217_B6",TRUE,FALSE,"MALAWI","C",2007
1.27195152776729,4.09836931548305,"704010042_2E5",TRUE,FALSE,"SOUTH AFRICA","C",2007
2.0519249037529,3.12935039863295,"704809221_1B3",TRUE,FALSE,"SOUTH AFRICA","C",2007
1.58821469489569,4.29076983486166,"704810053_2B7",TRUE,FALSE,"SOUTH AFRICA","C",2007
0.637455266518801,5.1699849589007,"705010185_TF",TRUE,FALSE,"SOUTH AFRICA","C",2007
2.70995964999621,4.40501586454699,"722_G4_16",TRUE,FALSE,"SOUTH AFRICA","C",2007
2.91022858492037,2.85870477472901,"CA392_H2_6",TRUE,FALSE,"SOUTH AFRICA","C",2007
2.16853265394493,3.8028924220745,"CNE17",TRUE,FALSE,"CHINA","C",2007
2.59648567105999,3.47996006255786,"CT072_56_7",TRUE,FALSE,"SOUTH AFRICA","C",2007
2.86046636052091,3.83785849024736,"CT140_140_B6",TRUE,FALSE,"SOUTH AFRICA","C",2007
4.36914754953164,2.49121831186499,"SO431_C1_1",TRUE,FALSE,"SOUTH AFRICA","C",2007
2.18685509895695,2.74500150277362,"X2278_C2_B6",TRUE,FALSE,"SPAIN","B",2007
2.58372732219358,4.33170572024873,"1170887_08",TRUE,FALSE,"SOUTH AFRICA","C",2008
4.53216015010588,1.83294834401621,"20883229_C9_H6",TRUE,FALSE,"SOUTH AFRICA","C",2008
1.62797513523606,4.71124551449677,"20915593",TRUE,FALSE,"SOUTH AFRICA","C",2008
4.69117921703772,2.50158085336095,"20927783",TRUE,FALSE,"SOUTH AFRICA","C",2008
4.60262544894767,2.04621796636527,"CA240_A5_5",TRUE,FALSE,"SOUTH AFRICA","C",2008
1.11830537874097,4.38800807917426,"CAP290_2_00_23_6",TRUE,FALSE,"SOUTH AFRICA","C",2008
3.24538468255355,3.18168861620691,"CAP307_2_00_24_1",TRUE,FALSE,"SOUTH AFRICA","C",2008
1.58236010892094,3.88437885119131,"CH505_TF",TRUE,FALSE,"MALAWI","C",2008
1.70898295315849,3.53440544430524,"CH505_TF_DELGLY3_197",TRUE,FALSE,"MALAWI","C",2008
1.52212335486296,3.42608141380433,"CH505_TF_DELGLY3_276",TRUE,FALSE,"MALAWI","C",2008
1.32644231329546,3.38666284825812,"CH505_TF_DELGLY3_461",TRUE,FALSE,"MALAWI","C",2008
1.55702276275935,3.46476824338526,"CH505_TF_DELGLY4",TRUE,FALSE,"MALAWI","C",2008
0.0950871387591924,3.1849903678575,"CH505_TF_G458Y",TRUE,FALSE,"MALAWI","C",2008
-0.331121807039419,3.62015657738465,"CH505_TF_N279K",TRUE,FALSE,"MALAWI","C",2008
0.147382625362371,3.14662130410719,"CH505_TF_N279K_G458Y",TRUE,FALSE,"MALAWI","C",2008
0.0328820112601453,3.04716632291711,"CH505_TF_N279K_N280D_G458Y",TRUE,FALSE,"MALAWI","C",2008
1.61379423947756,3.30434203090952,"CH505_W4_3",TRUE,FALSE,"MALAWI","C",2008
2.71486415868875,3.93104716559205,"CT966_E1_7",TRUE,FALSE,"SOUTH AFRICA","C",2008
3.81820448124444,3.43605156888856,"KO426_N276D",TRUE,FALSE,"SOUTH AFRICA","C",2008
3.25137501487441,3.48259216857946,"KO426_S278R_N460D_N463D_G471S",TRUE,FALSE,"SOUTH AFRICA","C",2008
4.42066742761027,4.45700160137976,"KO426_T78_10",TRUE,FALSE,"SOUTH AFRICA","C",2008
3.52800082293475,3.13568359718273,"KO459_T68_4",TRUE,FALSE,"SOUTH AFRICA","C",2008
2.15539590412201,4.41117435395963,"KO870_C2_10",TRUE,FALSE,"SOUTH AFRICA","C",2008
4.24470957940849,2.09256149802112,"SO032_A2_8_1",TRUE,FALSE,"SOUTH AFRICA","C",2008
4.64975612817414,4.40749675895528,"SO607_B6_9",TRUE,FALSE,"SOUTH AFRICA","C",2008
2.30567657625944,3.4312879224413,"20286961_C1_H8",TRUE,FALSE,"SOUTH AFRICA","C",2009
4.01110200951434,4.05537644844842,"20965238",TRUE,FALSE,"SOUTH AFRICA","C",2009
5.94181737439252,1.47298030182793,"21197826_V1",TRUE,FALSE,"SOUTH AFRICA","C",2009
4.07995617194635,3.89245380157048,"21283649",TRUE,FALSE,"SOUTH AFRICA","C",2009
4.35838461033385,2.22094110449138,"21492713_B11_E3",TRUE,FALSE,"SOUTH AFRICA","C",2009
4.76331034039302,2.28826483423461,"21502011_F12_E2",TRUE,FALSE,"SOUTH AFRICA","C",2009
2.00199351227294,4.00796744304517,"21561324_D3_B5",TRUE,FALSE,"SOUTH AFRICA","C",2009
3.97938606852233,2.880136268832,"CA146_H3_3",TRUE,FALSE,"SOUTH AFRICA","C",2009
3.46343376965261,3.32408625937381,"CAP363_2_00_10_3",TRUE,FALSE,"SOUTH AFRICA","C",2009
0.880010588611508,4.61964825454917,"CT565_C7_48",TRUE,FALSE,"SOUTH AFRICA","C",2009
2.37161807104272,4.01607353179598,"KO243_H6_3",TRUE,FALSE,"SOUTH AFRICA","C",2009
3.54719429537848,1.78942622523292,"093_BT_SGA13",TRUE,FALSE,"SOUTH AFRICA","C",2014
2.01039020551037,2.37606927849306,"093_BT_SGA3",TRUE,FALSE,"SOUTH AFRICA","C",2014
3.60195544068284,4.58748407964003,"186_BT_SGA1",TRUE,FALSE,"SOUTH AFRICA","C",2014
3.16148533825467,2.7990961423603,"318_TF_SGA2",TRUE,FALSE,"SOUTH AFRICA","C",2014
2.27900523037056,2.04245944030842,"329_14_B1",TRUE,FALSE,"INDIA","C",2014
2.71817174594219,1.72991380220374,"329_14_B4",TRUE,FALSE,"INDIA","C",2014
2.12509357793332,1.40251398644202,"330_14_A12",TRUE,FALSE,"INDIA","C",2014
2.39710827089971,1.13825192752126,"330_14_A20",TRUE,FALSE,"INDIA","C",2014
3.52199630060312,2.57946157428373,"036_BT_SGA4",TRUE,FALSE,"SOUTH AFRICA","C",2015
2.49233753147239,2.39493574798426,"093_AT_SGA1",TRUE,FALSE,"SOUTH AFRICA","C",2015
4.16294368469472,4.66316508410824,"102_BT_SGA3",TRUE,FALSE,"SOUTH AFRICA","C",2015
3.81345460698279,1.51125494857002,"186_AT_SGA1",TRUE,FALSE,"SOUTH AFRICA","C",2015
3.99290747486434,1.69416131458222,"186_AT_SGA5",TRUE,FALSE,"SOUTH AFRICA","C",2015
4.5707873500589,3.37098730277832,"329_15_A1",TRUE,FALSE,"INDIA","C",2015
4.17846517411611,1.79013397225922,"329_15_B1",TRUE,FALSE,"INDIA","C",2015
4.15951738800702,0.904741633964554,"330_15_C36",TRUE,FALSE,"INDIA","C",2015
4.28674506615138,1.04190805710049,"330_15_D36",TRUE,FALSE,"INDIA","C",2015
4.86367426906842,1.73463489304256,"330_15_E36",TRUE,FALSE,"INDIA","C",2015
3.68618754482756,4.33882204606465,"451_AT_SGA5",TRUE,FALSE,"SOUTH AFRICA","C",2015
2.67133746000933,2.88231127932566,"451_TF_SGA2",TRUE,FALSE,"SOUTH AFRICA","C",2015
4.39426153750223,3.89639258539885,"079_LN_SGA3",TRUE,FALSE,"SOUTH AFRICA","C",2016
3.87838824081062,2.35785186306135,"079_LN_SGA9",TRUE,FALSE,"SOUTH AFRICA","C",2016
2.27824937133093,2.66654321547716,"079_PBMC_SGA12",TRUE,FALSE,"SOUTH AFRICA","C",2016
3.90664756002145,4.01809872548059,"079_PBMC_SGA17",TRUE,FALSE,"SOUTH AFRICA","C",2016
4.35552119386805,4.43231784453495,"079_PBMC_SGA7",TRUE,FALSE,"SOUTH AFRICA","C",2016
2.30208182834268,2.79529579905997,"102_AT_SGA1",TRUE,FALSE,"SOUTH AFRICA","C",2016
4.48496745699881,1.97341548389666,"329_16_C1",TRUE,FALSE,"INDIA","C",2016
4.83479303242779,1.91554649641233,"329_16_D5",TRUE,FALSE,"INDIA","C",2016
4.51020702744612,1.22144773976375,"330_16_A2",TRUE,FALSE,"INDIA","C",2016
4.76528112310312,1.10303934009633,"330_16_D4",TRUE,FALSE,"INDIA","C",2016
1.86640462285765,2.68371538268892,"330_16_E6",TRUE,FALSE,"INDIA","C",2016
4.67006417072438,1.66879678175144,"330_16_H2",TRUE,FALSE,"INDIA","C",2016
3.17346849165424,3.45257740854246,"651_AT_SGA5",TRUE,FALSE,"SOUTH AFRICA","C",2016
2.92295006342157,3.40609039211435,"651_AT_SGA8",TRUE,FALSE,"SOUTH AFRICA","C",2016
2.47973646007951,3.1361600960416,"651_LN_C40",TRUE,FALSE,"SOUTH AFRICA","C",2016
2.5310901599172,3.09375464735392,"651_LN_C43",TRUE,FALSE,"SOUTH AFRICA","C",2016
5.79501665831644,3.48187063193659,"VA40774",TRUE,FALSE,"UNITED STATES","B",2016
1.94580669285371,4.10048051282119,"AIIMS731_73105B",TRUE,FALSE,"INDIA","C",2017
1.86201734969559,3.70072088257563,"AIIMS731_73105C",TRUE,FALSE,"INDIA","C",2017
1.84162650027338,3.81429316419752,"AIIMS731_73105D",TRUE,FALSE,"INDIA","C",2017
1.80414498104202,3.7784767515225,"AIIMS731_73105E",TRUE,FALSE,"INDIA","C",2017
4.18773639808968,3.37881027424783,"AIIMS731_73105H",TRUE,FALSE,"INDIA","C",2017
4.31003416648647,3.46707356572678,"AIIMS731_73106F",TRUE,FALSE,"INDIA","C",2017
6.03388200034082,3.82339276393076,"B004_ENV02",TRUE,FALSE,"UNITED STATES","B",2017
3.9307314515745,0.286050909264019,"B005_ENV03",TRUE,FALSE,"UNITED STATES","B",2017
4.33672612104662,1.82550298169974,"B006_ENV02",TRUE,FALSE,"UNITED STATES","B",2017
4.19731387144444,1.73178112351852,"B006_ENV10",TRUE,FALSE,"UNITED STATES","B",2017
4.92715872123932,3.04419340180558,"B012_ENV02",TRUE,FALSE,"UNITED STATES","B",2017
4.16385047066738,3.21313418240118,"B013_ENV02",TRUE,FALSE,"UNITED STATES","B",2017
3.29917956196498,2.82241868967376,"B016_ENV01",TRUE,FALSE,"UNITED STATES","B",2017
4.62500410071366,1.62707599403634,"B016_ENV02",TRUE,FALSE,"UNITED STATES","B",2017
3.19237037762926,4.2650183321792,"B023_ENV09",TRUE,FALSE,"UNITED STATES","B",2017
3.30459939076909,2.91705265229819,"B024_ENV01",TRUE,FALSE,"UNITED STATES","B",2017
4.53541248895846,1.35496966578401,"B025_ENV04",TRUE,FALSE,"UNITED STATES","B",2017
3.79575418815475,3.62502358703869,"V704_0026_231_RE_PBSGA001_S",TRUE,FALSE,"PERU","B",2019
3.60841939880541,2.03669197107556,"V704_0372_250_RE_PBLIB001_S",TRUE,FALSE,"PERU","B",2019
2.85667809973244,4.84532498484107,"V704_0445_180_RE_CON_S",TRUE,FALSE,"PERU","B",2019
3.90240926916255,3.63484960322116,"V704_0856_240_RE_PB001_S",TRUE,FALSE,"UNITED STATES","B",2019
4.58034729937225,3.72399486357386,"V704_0886_250_RE_P001S",TRUE,FALSE,"PERU","B",2019
4.48173282426911,1.28230500592344,"V704_0944_180_RE_CS",TRUE,FALSE,"PERU","B",2019
4.36352887764513,3.7722803008504,"V704_1528_240_RE_PBLIB_001_S",TRUE,FALSE,"PERU","B",2019
4.43970368326292,3.25283354070117,"V704_1783_150_RE_CS",TRUE,FALSE,"PERU","B",2019
3.91432311056983,3.38447547910431,"V704_2095_130_RE_CS",TRUE,FALSE,"PERU","B",2019
4.72457733863117,3.97884198453877,"V704_2555_240_RE_CON_S_VPUG",TRUE,FALSE,"PERU","B",2019
4.66440600217973,2.38182889225257,"V704_2834_210_RE_PB001_S",TRUE,FALSE,"BRAZIL","B",2019
4.71266104393395,2.63318109045272,"V704_2834_210_RE_PB002_S",TRUE,FALSE,"BRAZIL","B",2019
4.65758753613394,1.75689262486824,"V704_2839_140_RE_CS",TRUE,FALSE,"PERU","B",2019
