log_N,log_k0,log_cooling_rate,log_c_repulsion,Holdout_MAE,NLL
1.945910149,1.931389302,-2.861662888,-6.732856197,0.583651135,1687.009884
2.079441542,2.01425831,-5.027662601,-5.888197952,0.57246622,1658.739968
2.48490665,2.234733361,-3.0876081,-5.223258085,0.563779996,1636.401816
2.197224577,1.844930106,-2.331565331,-4.842387772,0.63261469,1804.705266
1.609437912,0.029052108,-2.586729822,-4.817087996,0.991344394,2460.987143
1.609437912,1.551479203,-3.753628717,-4.557589143,0.583226873,1685.947482
2.197224577,2.74068724,-2.39190334,-4.360967685,0.57286255,1659.751097
1.386294361,2.351967078,-2.319473691,-4.246476473,0.644936578,1832.888616
2.079441542,1.261855338,-3.020700651,-4.145090153,0.617303917,1768.910683
1.098612289,2.795597328,-4.031603107,-4.0812035,0.655678404,1857.022068
1.791759469,2.56764059,-2.776752118,-3.928747033,0.580650025,1679.478101
2.397895273,2.552682322,-3.611300691,-3.838675605,0.556092989,1616.344373
1.098612289,2.778585961,-2.508272052,-3.767819394,0.627379635,1792.564801
2.302585093,0.999759201,-3.121500287,-3.709421905,0.624051472,1784.793766
0.693147181,2.065613132,-3.289358714,-3.654116884,0.79069672,2130.585625
2.079441542,2.669732941,-3.808684442,-3.583988864,0.578122628,1673.104922
1.945910149,1.691757868,-3.893598989,-3.516349765,0.561985231,1631.743378
0.693147181,1.397104392,-2.614276238,-3.449559401,0.855147179,2245.068289
1.609437912,2.490570244,-3.147790178,-3.39098972,0.586398744,1693.871581
2.397895273,2.855690537,-3.562510249,-3.351817692,0.58060435,1679.363171
1.945910149,0.392858364,-3.37968623,-3.295097507,0.735254908,2024.374974
1.386294361,1.955555922,-4.518079335,-3.285484537,0.61769095,1769.826404
2.397895273,2.454062964,-2.965497216,-3.218940236,0.561265793,1629.871846
2.302585093,2.628820204,-2.549529062,-3.185963359,0.565410043,1640.619883
2.302585093,0.723114624,-2.747865059,-3.157347761,0.774095184,2099.583734
1.386294361,2.299377685,-2.35524546,-3.098080027,0.66058619,1867.917004
2.079441542,2.684839378,-2.410982195,-3.046154126,0.579121615,1675.62733
2.48490665,1.753301244,-4.569727963,-3.027534053,0.559320611,1624.799656
1.945910149,2.120022634,-3.233111519,-3.007248385,0.576982142,1670.219901
0.693147181,2.607425616,-2.644465034,-2.946769028,0.786260689,2122.365926
1.791759469,2.832610421,-2.898362806,-2.912943319,0.598127616,1722.805411
2.197224577,1.580321439,-2.447540617,-2.892055774,0.644352979,1831.565968
2.397895273,2.276656801,-4.205295134,-2.867690829,0.577259515,1670.92208
1.098612289,2.194962562,-2.847776493,-2.843155527,0.654027744,1853.339387
1.386294361,2.72237985,-5.737431261,-2.802524007,0.655384699,1856.36748
1.791759469,0.824382912,-5.314013735,-2.771754558,0.602153967,1732.607313
1.609437912,2.453001404,-2.674853455,-2.753807048,0.617942728,1770.421803
2.48490665,2.873089457,-2.471303416,-2.712686414,0.569465339,1651.061228
1.098612289,1.291362253,-2.710442297,-2.68456605,0.851342943,2238.554335
2.48490665,2.394393457,-3.441119293,-2.660186249,0.564951528,1639.434615
1.595899547,2.78088332,-4.121312353,-3.257637239,0.580955393,1680.24625
1.503347457,2.700801144,-3.730440185,-3.206365603,0.608397404,1738.107944
2.337773441,2.790129503,-4.146559199,-2.709356472,0.569396214,1657.663682
1.578901354,2.70994305,-4.484370507,-3.182385191,0.594986979,1703.374495
0.837108438,2.08125433,-3.684130199,-3.227806804,0.764878704,2074.958946
1.835725909,2.688042468,-3.213439206,-3.327576445,0.573137725,1644.54147
0.698351256,1.364455986,-2.416161842,-3.149109753,0.857085585,2248.376264
1.87623465,2.831148431,-3.602576524,-3.115717136,0.576236651,1640.925145
1.016399256,2.752506708,-2.813484183,-3.022970602,0.642666188,1800.213958
2.232651909,2.835062577,-3.389774365,-3.677228059,0.572499649,1648.606643
1.721764112,2.755133303,-3.476377768,-3.434021809,0.578626605,1669.793794
1.760715235,2.395082494,-4.240645038,-2.828928689,0.577103552,1665.953641
1.873507996,2.831887445,-3.068105922,-2.939756188,0.574670351,1665.493552
2.227047338,2.611605348,-3.45323255,-2.908136241,0.579991094,1680.116004
2.303626286,2.597882086,-3.333914759,-3.57953185,0.56370664,1631.732001
1.959658697,2.38502186,-3.675562697,-3.264044647,0.568668283,1660.301788
1.430801069,2.442558069,-3.351047169,-2.801539427,0.631833593,1806.602291
2.220189749,2.536564892,-3.411710592,-3.761357447,0.565863817,1644.039439
1.155633269,2.279630601,-3.504732161,-3.733313674,0.646296906,1833.453672
1.317617156,2.632917871,-2.838447284,-3.144040187,0.580924618,1669.818738
1.927608905,2.831279482,-2.71057136,-3.233798113,0.591705885,1696.51912
1.613921207,2.579321152,-3.058961807,-2.878711871,0.585217579,1703.656897
1.813030996,2.808864296,-2.684071818,-3.502680205,0.589862571,1697.815118
2.39995521,2.860828449,-2.745710856,-2.762067574,0.570000299,1645.646884
1.958491413,2.65641038,-2.385301341,-2.71395716,0.595800151,1703.005636
1.240258042,2.489542967,-2.570015196,-3.321121485,0.648364637,1817.956552
1.514969087,2.80634749,-2.600231196,-2.957684315,0.5984649,1702.393361
2.039920423,2.652913751,-2.717148581,-2.716151441,0.592520738,1704.366218
2.153222171,2.682944999,-2.836652841,-2.802984937,0.554671541,1607.086239
1.884185417,2.6026251,-2.894931677,-2.887133816,0.579484429,1676.542344
1.649230338,2.574724688,-2.525275734,-2.817832468,0.601068787,1712.210456
2.16106015,2.805734093,-2.610842594,-3.051993652,0.562847921,1625.037192
1.661861638,1.879673933,-4.287678587,-3.603519163,0.607102059,1735.011049
2.153366691,1.344881893,-2.384383829,-2.933387061,0.727898218,1995.927591
2.078613555,2.298360818,-3.374411008,-2.702224807,0.577315828,1684.789974
2.289496602,2.657260312,-2.564092041,-2.947974194,0.57853253,1654.660364
2.105135189,2.411221365,-3.065671223,-2.66476299,0.593112781,1696.455104
1.969455076,2.443018809,-3.194030994,-3.570628329,0.568578887,1651.042269
1.491861379,2.419721106,-2.606210535,-3.647155362,0.621429049,1765.249785
2.343088618,2.123335719,-4.307947724,-3.603942545,0.570074433,1639.049156
1.436694498,2.780187886,-4.855445286,-3.505360582,0.627294915,1803.408775
1.766418338,2.35341324,-3.045568552,-3.113514995,0.574502174,1666.204532
2.330326428,2.153184998,-2.542196057,-3.259162811,0.603873191,1718.941361
2.407772382,1.015700871,-2.59921751,-2.742297525,0.758599943,2081.376824
2.075712074,2.627574301,-4.153894595,-3.455900116,0.575549181,1654.039047
2.195847224,2.062065485,-2.774066498,-2.746824628,0.586562323,1679.203356
2.192953928,1.69519345,-2.432230566,-3.52438913,0.619762895,1768.645248
1.11805231,1.866170133,-2.811639336,-3.191672208,0.693989025,1937.330303
1.506526116,1.777828224,-4.166191423,-3.336372225,0.584695669,1694.248165
1.874553116,2.541724116,-2.936186353,-3.11967235,0.581242034,1691.321956
2.150859459,2.599668322,-4.109863212,-2.726598757,0.57045164,1659.248559
1.817855882,1.860097364,-3.826012395,-3.316497166,0.57410275,1648.114018
1.945688771,1.999100952,-2.755482315,-3.093288032,0.595224419,1698.081775
2.015164871,1.793406439,-4.335280592,-3.411990592,0.573886105,1664.634836
1.09490755,2.790529946,-3.081659049,-3.478130118,0.628802672,1793.416503
2.257732658,2.587513602,-2.752773082,-3.429940975,0.583686581,1666.313001
1.861122309,2.649936528,-3.226968253,-3.279716555,0.56297599,1617.537364
2.160876365,2.414515674,-2.832779265,-3.3711927,0.576476418,1662.084817
1.96298192,2.136571526,-3.10344003,-2.996536183,0.58737046,1690.485349
2.364208865,2.314782292,-3.167350607,-3.416508019,0.569367594,1644.030927
1.410750799,0.876599955,-3.200611607,-2.728142055,0.748805986,2034.210269
2.386975503,2.257972126,-3.2566507,-3.579534354,0.571761925,1655.807303
2.098279753,2.359873048,-4.091262793,-3.371181995,0.567792657,1635.492058
2.296925475,2.163062689,-3.217121901,-3.131553966,0.579761938,1672.649796
1.736779988,2.097370701,-2.944017039,-3.612045814,0.590202003,1692.824014
1.782255308,2.62353628,-3.20551231,-3.093419688,0.599907673,1716.507452
1.422415177,2.455530529,-3.915326372,-3.105353331,0.616192558,1755.397449
2.403749921,2.487105663,-3.194294318,-3.580942092,0.549556705,1596.881138
2.374669384,2.64647717,-3.778345161,-2.742542122,0.563384897,1645.451775
1.787657866,1.841000124,-2.928658079,-3.686037918,0.589300585,1691.768999
1.637702623,2.839808685,-3.971152956,-2.850240012,0.612474004,1749.014275
1.795137956,2.833690442,-3.981026131,-2.833935772,0.59896638,1698.879617
2.114970814,2.700050649,-3.162131012,-3.391909578,0.557418404,1616.496312
1.977393445,2.299143135,-2.88485337,-3.375652107,0.574460893,1655.849987
2.179020026,0.861023453,-2.796419496,-3.384404703,0.757868688,2087.039603
2.333767065,2.638478817,-3.448428611,-3.247954126,0.55232108,1595.405618
2.103071354,1.200341875,-3.041768031,-3.266848043,0.621333078,1789.371021
2.059329979,2.055010999,-3.35988392,-3.508466174,0.575703844,1668.120466
1.887455686,2.767421989,-3.842359138,-2.673060909,0.58166624,1670.519923
2.142958678,2.847074846,-2.640045203,-3.31557959,0.554249637,1611.493367
1.718049641,2.329673079,-4.127056702,-2.674990718,0.613463397,1759.792765
1.812102516,2.432218273,-3.630718651,-2.877465458,0.57500839,1666.353291
1.663778737,2.46755188,-2.594562109,-3.015435804,0.59683106,1710.218768
1.667855803,2.527320258,-4.337118898,-2.830683764,0.636634986,1804.027906
1.661472108,2.670343176,-3.858072143,-3.494506203,0.591549739,1693.799622
1.962637958,2.457029786,-2.735651773,-2.880098663,0.593948383,1709.044739
2.359029225,2.416437453,-3.767908199,-3.018020842,0.564744252,1634.411428
2.182337607,2.641095272,-3.680736904,-2.77068775,0.579793293,1683.061165
1.260126473,2.845132096,-3.927675654,-3.156391102,0.627544556,1778.222329
2.279977877,2.33228704,-2.550804888,-3.14931068,0.567388489,1627.700217
1.635474759,2.152405178,-4.14374653,-3.15597289,0.603920046,1738.074894
1.839932657,1.927663372,-3.891300462,-2.900954134,0.594483288,1709.184126
1.900693264,2.81338766,-4.328899618,-3.18232225,0.576755933,1673.07543
2.344760839,1.340862996,-3.414877997,-3.116060679,0.597661817,1712.239861
1.617641165,2.469208961,-3.953672274,-3.242986141,0.57095311,1644.678932
1.47166988,2.650677949,-3.261465428,-2.870859748,0.601520393,1720.405597
1.869409842,2.52010334,-3.893105584,-3.507318804,0.570018996,1660.398412
1.74045308,2.791282146,-2.723513751,-3.299714495,0.568507411,1642.9595
2.265633982,2.643451191,-3.870916355,-2.791909943,0.562086113,1634.239712
1.944558212,2.735647455,-3.705757906,-2.835158931,0.56762134,1637.307881
2.084477012,2.812175069,-4.39300616,-3.350920268,0.577925491,1655.43409
1.332513536,2.503150644,-2.810243341,-2.832204731,0.613340782,1754.68347
1.981831269,2.801590768,-3.630493168,-2.7533596,0.589851254,1694.291377
1.495789135,2.509571315,-3.799758287,-3.363510816,0.5915003,1707.695082
1.733444781,2.061717729,-2.765632775,-3.350894845,0.602928485,1717.864642
1.778787484,1.80694768,-3.475438827,-3.466079485,0.59626576,1718.250507
2.280578686,2.525957728,-3.216474199,-3.206274797,0.569061017,1646.635407
1.601571355,2.662589688,-4.527445491,-3.436807144,0.595442907,1710.359431
1.830635024,2.447174665,-3.6437967,-3.067336759,0.580360953,1689.091953
2.027576819,1.858335135,-4.384424169,-3.239386295,0.562296977,1624.731647
1.022763915,2.678013461,-2.814435028,-3.354708539,0.627704499,1803.140818
2.057194299,1.789977427,-3.677653178,-3.09907473,0.573976934,1670.556274
2.149493965,2.60469172,-3.31025934,-2.99205069,0.562189598,1626.688419
2.130248064,2.767847144,-2.539830679,-3.663103833,0.566487681,1628.778798
1.777616395,2.36819648,-3.456119172,-3.44510308,0.575573527,1671.211766
2.201464206,2.496513059,-3.656812847,-3.491144762,0.561494683,1631.583529
2.198291177,2.534100634,-3.457246879,-3.170023308,0.559336514,1627.065482
2.378043491,2.49377298,-3.30550265,-3.241834528,0.555615028,1617.299041
2.269514016,2.542704046,-3.393176966,-2.959589332,0.556630124,1614.433005
1.458336512,2.752316263,-3.508829576,-2.886851111,0.59607605,1708.379513
2.137686098,2.141377966,-3.842184426,-3.519091453,0.551981661,1593.414751
2.219178436,2.49430548,-4.37135673,-2.852013023,0.56882736,1632.489002
2.103907237,2.468464406,-3.227264896,-3.248087896,0.585657464,1698.972291
2.321220986,2.309339415,-4.179484322,-3.259479531,0.573356169,1654.188061
2.425144008,2.47049205,-2.473407662,-3.334528648,0.587227769,1684.327574
2.076742955,2.487300736,-3.858881463,-2.748529716,0.575264741,1653.322271
2.263257568,2.265954252,-3.849199867,-2.930586545,0.561953553,1628.310586
2.313995569,2.583561658,-2.811416173,-3.131370581,0.560092466,1643.516833
2.122867112,2.296427223,-3.792400531,-2.914108632,0.577751086,1673.310213
2.201411391,2.714376023,-4.421550651,-3.376499303,0.568745201,1648.083675
2.069923792,2.629502122,-2.56470873,-3.280205093,0.578830043,1677.184372
1.920802752,2.351376108,-2.754521729,-3.277208587,0.597400073,1705.713489
1.784424402,2.369249253,-4.072940528,-2.908860401,0.566601127,1643.694365
1.965140944,2.723143966,-4.232089123,-3.384019415,0.571895433,1652.745132
2.014626359,2.664156372,-3.220139715,-3.4720077,0.583726127,1686.042769
2.394387273,2.529389377,-3.57900455,-3.082075888,0.578051632,1669.490329
2.193709545,2.402118735,-2.855805047,-3.042589748,0.580578825,1673.551853
2.037799791,2.454818688,-3.930123686,-2.986712342,0.555025777,1615.746649
1.99039736,1.973081661,-3.280013272,-3.172751952,0.582501532,1686.434797
2.086694638,2.282200067,-2.593502853,-3.222626564,0.592796751,1714.406721
1.849542462,2.337111432,-3.068466307,-3.629626556,0.565924804,1634.082429
2.00613755,2.566859166,-3.857348761,-2.672088436,0.549876576,1587.874334
2.16452529,2.472186767,-2.723572799,-2.970078824,0.56321647,1639.416965
1.970425539,2.481656382,-3.18311191,-3.292380158,0.578558621,1684.519712
1.967753901,2.378080282,-3.603917336,-3.128425878,0.581508007,1673.578198
2.02203463,2.740938723,-3.837942063,-3.081478595,0.553695739,1590.196432
1.91644035,2.403329622,-3.829840632,-3.501005369,0.567990462,1648.399924
2.207315324,2.754534476,-3.822418127,-3.073191377,0.576873227,1674.516145
2.242497842,2.821255822,-3.217377616,-3.288053819,0.575012627,1669.783416
1.711663188,2.384686996,-4.583989819,-3.323638204,0.561668346,1626.454121
2.121618861,2.609784163,-3.347066209,-3.137264161,0.570341062,1644.253214
1.946506977,2.77605927,-2.729764247,-3.318519383,0.577489506,1657.775069
2.260686136,2.569971869,-2.946399765,-3.658192322,0.557785905,1628.550914
2.336998035,2.506179821,-3.625972411,-3.132372511,0.558704226,1638.74288
1.794690154,2.67599211,-2.939502107,-3.283679759,0.57565842,1668.005105
2.46022925,2.777371873,-3.01537911,-3.63958772,0.564302898,1627.667405
2.234240648,2.445328527,-3.679843355,-3.149799219,0.560644404,1626.02449
1.942081356,2.091878453,-3.379005709,-3.311560578,0.575698104,1660.119061
2.180397135,2.172011447,-3.861479298,-3.542921154,0.555767634,1612.172103
2.067066574,2.298534099,-3.473616553,-2.98917695,0.572651425,1653.53421
1.717519796,2.58674165,-3.836802643,-2.994682883,0.571497525,1650.597391
1.995855144,2.438733511,-4.146325494,-3.453236433,0.563737559,1622.85207
2.203167921,2.289121795,-2.592882531,-3.040444471,0.591419442,1691.144371
2.05341007,2.219359436,-3.298512392,-3.447159612,0.559510268,1617.507797
2.347074936,2.585202148,-2.679431811,-3.393780509,0.566122664,1640.211705
2.370765432,1.973463469,-4.135907405,-3.117936274,0.552742177,1599.812309
2.093105865,2.564470754,-3.659745469,-2.908570939,0.573576295,1670.668527
1.848489324,2.593288167,-4.35953751,-3.420196875,0.579064056,1689.243772
2.263386075,2.456429342,-3.882595872,-2.980192997,0.555864953,1616.851057
2.397230105,2.346751779,-3.606583728,-2.904680071,0.547168576,1604.699093
1.866845903,2.725675604,-2.76468673,-3.38325244,0.56926959,1656.207665
2.00394018,2.395810438,-4.052370982,-3.266054443,0.577175259,1668.421743
2.427693912,2.441128642,-3.175299367,-3.241775233,0.566272601,1625.979993
2.12217241,2.334582885,-3.116726445,-3.518521692,0.568837203,1647.190841
1.964070886,2.505389756,-3.90883956,-3.325081837,0.583707911,1658.282185
2.350911036,2.221999984,-3.676009115,-3.128820094,0.572693866,1661.592318
1.931869567,2.599264085,-3.087536139,-2.892324314,0.578494453,1677.481739
2.228863006,2.542520095,-3.042819506,-3.044215504,0.580968324,1677.978593
2.159057862,2.285958885,-3.269693268,-3.469816623,0.565013178,1626.127146
2.217650333,2.251246637,-3.977666274,-3.394534484,0.560132112,1611.327937
2.125588162,2.340020212,-4.176114423,-3.269105777,0.580494662,1666.445135
2.071906181,2.204062006,-3.492040312,-3.441962308,0.567934608,1641.49176
1.999437782,2.605857539,-3.547463027,-3.039800613,0.553847972,1601.615939
1.774255157,2.532139117,-3.786053631,-2.828529128,0.568266612,1653.622487
2.374185633,2.483645017,-3.545879806,-3.013203985,0.562920359,1622.987119
2.072960071,1.912003208,-3.865971124,-3.352103468,0.571948914,1648.343612
2.10062486,2.745724917,-3.342924953,-3.331256716,0.554507183,1604.447797
2.181737326,2.70930659,-3.791530718,-3.594411828,0.573793855,1667.812633
2.027811165,2.497530411,-3.610717269,-3.381660045,0.575716672,1673.85808
2.336310924,2.480585469,-3.621632581,-3.201459567,0.566463341,1630.96619
2.065598665,2.310812914,-4.30153088,-3.168917734,0.555192424,1600.719957
2.101870831,2.143295768,-4.566957787,-3.273561867,0.556487574,1610.738461
2.003381673,2.58430487,-3.354925564,-3.293609746,0.588068065,1693.375813
2.412901816,2.389984774,-4.138352056,-3.345249915,0.574352425,1663.545867
2.307910878,2.677355614,-4.184143015,-3.625780014,0.585722545,1692.185874
1.862883985,2.593641259,-2.643816704,-3.159269187,0.596940475,1711.662327
2.16129089,2.601152553,-3.635109224,-3.300259663,0.552734141,1606.392784
2.192984553,2.293881728,-3.321941409,-3.221212741,0.563980015,1621.23431
2.3800307,2.763517766,-3.825469644,-3.141835849,0.548329484,1582.696702
2.174634479,2.634898474,-3.687248881,-3.258652202,0.580588502,1687.369332
2.349746471,1.85029074,-2.909539872,-3.677893008,0.578200384,1643.523287
2.31105883,2.257783006,-4.045498671,-2.815365869,0.565588328,1633.217684
1.804279059,2.073576609,-3.148348659,-3.502015839,0.605077122,1721.821356
2.176660525,2.492672515,-3.900074611,-2.885547668,0.583676,1682.453172
2.354998725,2.638708568,-3.496659938,-3.429456093,0.564621877,1630.731032
2.101988286,2.321609369,-3.269883458,-3.03815783,0.574400942,1653.4208
2.223877079,2.342296555,-3.911430096,-3.591740361,0.564295468,1627.648288
2.140228233,2.515041407,-4.377243392,-3.099766553,0.573271376,1651.699366
2.301077883,2.541299362,-3.647655757,-3.578536682,0.556817781,1606.06342
2.330163748,2.417321782,-3.361747967,-3.554608268,0.559158361,1616.59301
1.855930947,2.569221532,-3.544929584,-3.303845163,0.579383686,1664.81476
2.207624684,2.184365487,-3.379551359,-3.307422147,0.568315418,1637.955432
1.92734612,1.95089853,-3.85621836,-3.652380755,0.5593186,1639.251847
2.118024101,2.308696483,-3.819944023,-3.366770394,0.567319208,1653.428987
2.188225322,2.58322479,-3.04339793,-3.237982914,0.55764042,1631.495291
2.056996984,2.577403034,-3.118821785,-3.062460698,0.580122642,1674.704632
2.334063852,1.811194029,-3.645575634,-3.387901085,0.582802291,1668.738146
2.322189891,2.333031847,-4.085400752,-3.479577954,0.542773731,1583.089526
2.185562372,2.56294515,-4.209358203,-3.39271546,0.557936182,1617.850001
2.087570409,2.567915457,-2.970501039,-3.447022132,0.574268397,1661.055129
2.342990313,2.101691981,-4.034301933,-3.214062209,0.570619531,1634.773436
2.16564106,2.835369797,-3.184284737,-3.254677361,0.575836848,1665.03454
2.265939151,2.758736702,-3.419504238,-3.230220491,0.570330017,1652.146325
2.297866811,2.657635927,-3.823491379,-3.291379707,0.575978359,1667.675969
2.053236101,2.291102807,-4.365454537,-3.302982308,0.549327251,1596.27184
2.060350525,2.603242319,-4.129606705,-2.681212538,0.571799746,1667.245684
1.907529161,2.465735246,-4.318803838,-3.224499984,0.57389931,1655.565732
1.618585822,2.412911634,-3.964109265,-2.811035627,0.589958037,1705.043566
1.764979539,2.268675257,-2.949605491,-3.29508901,0.601246913,1719.7453
1.992545272,2.179100228,-3.808875295,-3.587278446,0.556777053,1604.849801
1.998262236,2.787090315,-3.381639725,-2.817288198,0.597129874,1706.235951
2.294457756,2.601563524,-4.496832337,-3.665258475,0.577435566,1671.367584
1.96004031,2.41694563,-3.525383797,-3.332536627,0.579032499,1674.25574
2.193305212,2.483662234,-2.770385392,-3.16285074,0.563585903,1630.300189
2.159739124,2.085738002,-3.820405811,-3.134941027,0.565080055,1645.378754
2.313056387,2.802283962,-3.382452035,-3.245272651,0.569490847,1646.606131
1.746381968,2.790167239,-3.679334938,-2.838164593,0.598394668,1705.762935
1.893197553,2.349257193,-3.25128311,-3.416172471,0.603678551,1748.186057
1.961733128,2.573374376,-3.542458728,-2.786936755,0.584863127,1681.943218
2.308840803,2.60653418,-3.393021833,-3.312218672,0.544702417,1577.422604
2.412466741,2.521719115,-3.758568033,-3.490894562,0.561195262,1631.91916
2.446681949,2.789613691,-3.164907431,-2.909343121,0.560191976,1622.619289
2.19083643,2.329297964,-2.627526254,-3.330335881,0.587612564,1710.83018
2.081838978,2.340671814,-2.496177358,-3.430076394,0.599404569,1714.107914
2.316526501,2.777149656,-2.510174193,-2.943922515,0.579348337,1675.051892
2.273335812,2.772093991,-2.7508222,-3.34824067,0.581098723,1684.057592
2.071069433,2.43887445,-2.713870433,-2.942288729,0.572016155,1631.496036
2.211172337,2.078059754,-4.407464679,-3.359671276,0.568081966,1640.741833
2.225937398,2.50059818,-3.12097209,-2.898630253,0.588735321,1695.02807
2.019438301,2.166207596,-3.293373666,-3.499971961,0.57755015,1673.945844
1.99127152,2.72089606,-3.566531627,-3.146416485,0.587807102,1696.214477
2.045909399,2.553531338,-3.742415748,-3.630146078,0.568060163,1621.516461
2.400291159,2.55294811,-3.26758844,-3.164898539,0.563560817,1627.996045
2.245287557,2.45345924,-2.830919426,-2.715692247,0.59760049,1727.408845
2.344218786,2.40915596,-4.174539248,-3.120553302,0.568874875,1642.771253
2.089341847,2.688578882,-3.868990374,-3.520089605,0.571273266,1648.892677
2.207585891,2.6578394,-3.131837487,-2.877796886,0.564953227,1643.927548
1.786268628,2.58444237,-3.537890948,-3.211062574,0.572388893,1660.813026
1.783659363,2.606922821,-3.181408967,-3.47680045,0.584903672,1693.612401
2.087112391,2.757022956,-3.442511312,-3.56724691,0.573750155,1658.600292
2.246809714,2.659105504,-4.51679397,-2.83102536,0.5848949,1684.335852
2.147212226,2.320258098,-3.766348775,-3.500505735,0.576044143,1657.568637
2.226540027,2.05233252,-3.179045476,-3.021183059,0.560602741,1617.000827
2.166493455,2.654550519,-2.830806347,-3.151997905,0.556059259,1611.830686
2.287077698,2.748888859,-4.235871594,-3.370054695,0.5736446,1644.683208
2.356856763,1.843243204,-4.022539034,-3.48900976,0.567294604,1654.49159
2.095825387,2.517117477,-3.713690422,-3.462437508,0.562421028,1632.875885
2.15535467,2.176087344,-4.255937163,-3.573025142,0.566665064,1655.110823
2.337192718,2.535956002,-4.520031425,-3.507161341,0.56189139,1624.799194
1.635566167,2.429104471,-3.914217957,-3.526589105,0.589051886,1693.483482
1.887163689,2.456090167,-3.519893494,-3.238410193,0.583611988,1683.448002
1.756411245,2.470044609,-4.140562342,-3.193099915,0.578189743,1670.983934
2.169817765,2.600928191,-3.942311867,-3.405087921,0.582311738,1676.738855
2.327205354,2.208028715,-4.134811425,-3.083642738,0.553555454,1609.662355
2.42136587,2.10350984,-4.029164104,-3.411072029,0.575066369,1664.220945
2.055631603,2.384671443,-4.237448053,-3.414144709,0.577761668,1667.614226
1.814655938,2.665648862,-3.178038569,-3.294520381,0.57474682,1669.106045
1.929078545,2.28020906,-2.760438219,-3.130935208,0.569347146,1637.199378
2.270044151,2.634787994,-3.75604494,-3.103857944,0.565491504,1638.584185
2.152823797,1.925936021,-3.396502753,-3.214544159,0.566517007,1641.227645
1.676386621,2.377427071,-3.565329507,-2.92354898,0.582931529,1678.286679
2.438828748,2.347337002,-2.939760833,-3.45846038,0.574345386,1671.498321
1.815464405,2.160020558,-3.402465008,-3.232238524,0.565574059,1643.2901
1.985681464,2.662314448,-2.597494124,-3.334486343,0.591923389,1709.909219
2.27737544,1.894319936,-2.692654102,-3.457025625,0.59721591,1706.44471
2.246849102,2.773579487,-3.487115613,-3.057944875,0.566091823,1640.132221
2.081419749,2.66473711,-3.516570193,-2.69576722,0.569897943,1626.161147
1.545442418,2.389381796,-3.941902337,-3.184819166,0.581741682,1679.919454
2.320266566,2.531116042,-2.895051307,-3.541908276,0.569043111,1651.10692
2.085908807,2.515124135,-4.13557304,-2.740411522,0.588176519,1704.106263
2.150896847,2.783471751,-3.264305521,-2.799034981,0.567255272,1647.63253
2.128718167,2.555545395,-3.027064923,-3.563185219,0.572573423,1646.522674
2.333019543,2.07718095,-3.193115743,-3.322328671,0.573599885,1658.218379
1.985661012,2.263246586,-2.930274568,-3.11895153,0.595381145,1716.081369
1.737163257,2.531127759,-4.098933574,-3.48608154,0.588588893,1696.991885
2.268934081,2.504781562,-3.23270867,-3.201345064,0.575017049,1674.35385
1.884241171,2.318595133,-2.662327945,-3.472261169,0.590916597,1714.42111
2.343336755,2.643334296,-3.592757181,-3.033213764,0.562488509,1640.875508
1.907612832,2.245826262,-3.251521405,-3.720061177,0.577526173,1676.173399
2.178595294,2.563627674,-2.569429385,-2.689990736,0.579413055,1685.541646
2.108842166,2.781405896,-3.053776833,-3.416650387,0.562396483,1626.106529
2.107451048,2.11232733,-2.854169402,-3.612734672,0.59377506,1708.619209
1.971074701,2.567620698,-3.054492972,-3.373422931,0.592118672,1712.730001
1.816653936,2.102750244,-3.151455942,-3.331156268,0.58876985,1678.825538
2.121781792,2.740286404,-3.00885863,-2.996674002,0.561281751,1628.797771
2.1471375,2.585063549,-3.351075454,-3.356063,0.55302466,1614.865525
1.934807091,2.328209109,-3.020073291,-3.242599172,0.597295152,1704.281353
1.723946383,2.564929336,-3.281766808,-3.268252254,0.574038928,1655.919661
2.111617225,2.679928231,-2.973525828,-2.709933863,0.572687673,1645.676242
1.710665319,2.033364028,-3.537382403,-3.110690955,0.563557653,1616.791266
2.293073013,2.686894538,-4.315624162,-3.045368149,0.568166947,1643.215086
1.759803283,2.703750474,-3.01012145,-3.010250478,0.586424938,1690.458532
2.057438602,2.390112709,-3.513439992,-3.633215267,0.569882093,1648.737581
2.344638228,2.556180091,-2.537387477,-3.159225664,0.554803026,1594.183285
2.07579111,2.462853202,-3.571484535,-3.592603352,0.564592722,1638.506425
2.438965483,2.258192711,-3.520457458,-3.597866279,0.547924899,1579.444104
2.165798894,2.188175573,-3.436056293,-3.22069705,0.576581407,1648.63968
2.004929107,2.016479439,-3.043216403,-3.110885341,0.592169548,1705.840762
1.787723608,2.174051658,-3.533696873,-2.888279566,0.593263968,1703.850602
2.195303246,2.573040419,-3.493955375,-3.339081085,0.567187745,1641.827949
2.300371077,2.092503483,-3.344220913,-3.28489122,0.574361103,1671.538493
2.191241051,2.802720494,-2.997824489,-3.729841949,0.566659702,1634.844188
1.991546537,2.782522915,-3.926035986,-3.409089875,0.591421378,1703.996238
1.761467577,2.844358669,-3.198088675,-3.195859112,0.582619867,1684.426123
2.307012967,2.243888758,-3.981952207,-2.84359199,0.570970502,1652.652267
1.375845742,2.432682274,-3.759832726,-3.418993541,0.606991976,1745.492726
1.845570839,2.647241411,-2.595840037,-3.293156114,0.565542528,1633.099938
2.088048648,2.31355877,-3.652688306,-2.845137286,0.539642362,1591.845524
2.34149758,2.217636927,-2.886264095,-3.594568725,0.577669595,1663.948836
1.607207757,2.515514293,-4.40275644,-2.967244706,0.596608422,1721.443179
1.673621696,2.644840959,-3.554074148,-3.033878891,0.594009952,1704.506717
2.269994986,2.716688215,-3.621788316,-3.202405029,0.556438658,1621.680047
2.188436613,2.239425836,-2.497933023,-3.606779789,0.587451855,1681.39761
1.808915728,2.652956487,-3.807065227,-2.938374961,0.612602485,1758.944118
2.267607073,2.661856494,-3.739445994,-3.568359244,0.572709586,1659.360934
2.062206372,1.94051849,-3.45620225,-2.856027575,0.571472884,1659.603483
2.452013337,2.472875776,-3.076444613,-3.362593528,0.565524314,1631.929963
2.003501512,2.491362796,-3.324594444,-3.457338044,0.582575458,1677.397653
1.96906287,2.385035769,-3.07852735,-3.356476383,0.577687707,1667.427697
1.955662449,2.671789466,-3.219280257,-3.249071494,0.568491989,1670.001103
1.99030986,2.64814657,-4.511616418,-3.471099854,0.589705481,1700.922089
2.380792681,2.369643278,-4.0085655,-3.019872782,0.558273141,1600.966431
2.164192894,2.561547103,-3.333072235,-3.69865044,0.5638697,1641.115119
2.269613869,2.522958175,-3.014764691,-2.986175025,0.579875979,1693.604075
2.091109429,2.636688254,-4.331711916,-3.489777382,0.563982545,1616.759138
2.295850688,2.647335505,-4.309444463,-2.936985557,0.570317325,1645.324325
1.982217755,1.896326495,-3.395480612,-3.580109389,0.593345464,1716.933316
2.292706248,2.515617142,-3.052328373,-3.472005451,0.574997438,1648.089327
2.219057333,2.435818567,-3.012988228,-3.284509356,0.58895495,1689.752798
2.073430522,2.639899015,-3.364399961,-3.086451286,0.576576453,1666.907279
2.458616325,2.647469379,-4.131692837,-3.101358307,0.569373034,1642.914901
2.330921984,2.331817506,-2.878464296,-2.917076989,0.59514747,1679.10761
2.213973409,1.86838548,-4.706254814,-2.929436629,0.560290153,1629.557695
2.452693718,2.481591752,-3.850260307,-3.49696915,0.566113652,1623.32568
2.387043057,2.046308318,-3.685710488,-3.506183558,0.546053622,1577.758168
2.146336431,2.660179947,-3.502079644,-3.653192109,0.567917075,1638.064708
1.759412688,2.281284831,-4.213049361,-3.405542362,0.590302336,1694.236854
1.829494853,2.77840763,-3.756438865,-3.384699014,0.592483667,1700.765911
1.90786337,2.741060472,-2.440105225,-3.652035296,0.593916204,1705.449354
1.779675183,2.615788919,-3.229520416,-3.507010867,0.584486881,1681.007549
1.87513529,2.395129415,-2.811440545,-3.559244595,0.570938953,1646.908276
2.070131604,2.583119556,-3.868638404,-3.408227995,0.59017144,1697.412041
2.210761665,1.94106111,-3.023010259,-3.314434371,0.588250632,1705.453519
2.310805542,1.90044485,-3.538252658,-3.222737147,0.590601862,1710.138879
2.276950171,2.278201524,-3.770523826,-2.688845308,0.558719778,1625.451457
2.259661023,2.623525458,-2.870658869,-3.419617039,0.585210794,1685.122006
2.049321382,2.295611651,-3.315171828,-2.69827192,0.579866106,1678.652504
1.905425028,2.278863036,-3.620829627,-2.791818716,0.588686757,1679.785161
2.098070892,2.652978756,-3.754771175,-2.878192733,0.560491889,1627.855949
2.280600132,2.635498629,-2.79231315,-3.283352058,0.563940678,1617.772355
2.026285874,2.370734566,-2.493735437,-2.778399433,0.601591397,1712.282191
2.363429451,2.58832417,-3.639716993,-2.954563357,0.566466333,1642.221944
1.89081343,2.476142119,-2.721888801,-3.251848747,0.579813943,1660.151394
1.908979613,2.163828621,-3.33744168,-2.81279479,0.573572598,1682.031823
2.062103692,2.755261066,-3.65100166,-3.115830282,0.579210222,1681.586136
1.564275369,2.50292549,-3.869618361,-3.197560514,0.594732414,1694.539027
2.414920562,2.20430159,-3.582657769,-2.968590141,0.569236786,1653.863809
2.227841483,2.191856302,-2.988186354,-2.895918597,0.570947788,1640.134639
2.082732778,2.604591938,-3.342176254,-3.165656162,0.559774476,1634.888121
2.212464431,2.330716787,-3.291503797,-3.152321648,0.562656546,1641.313989
2.007082364,2.393562131,-4.189923064,-2.932098343,0.580231319,1686.465928
1.903447592,2.336841097,-2.57180718,-2.78153327,0.615698961,1754.233866
2.342362105,2.261106292,-3.047146009,-3.36745677,0.580225494,1684.153573
2.053093468,2.762744585,-2.596379488,-3.15294885,0.572559366,1668.061734
1.781596024,2.504362212,-3.161481921,-2.946336093,0.576319887,1651.411194
2.097003479,1.889397561,-3.244622558,-3.224215518,0.57309245,1654.655109
1.524934846,2.337353109,-2.656226681,-3.263817331,0.621927531,1771.285304
1.980376795,2.604942922,-3.965965942,-2.828928926,0.566095946,1649.136091
2.237318189,2.660138487,-4.154763163,-2.951087835,0.579207826,1659.786058
2.184687687,2.391954671,-3.573346085,-3.142334971,0.566153727,1643.664532
1.832520691,2.375223063,-3.69851394,-3.297119963,0.579712476,1666.785869
2.16536047,2.541161591,-3.440762185,-3.24934207,0.585901429,1696.107637
2.306605345,2.455905831,-3.607512137,-2.989235591,0.565720763,1629.064133
2.244572067,2.568035363,-3.749285156,-3.064677984,0.577755603,1671.032559
1.810770137,2.597768433,-2.713782106,-2.995254046,0.577240798,1660.581846
2.24782771,2.199242524,-2.713219181,-3.549716967,0.568181,1630.844973
2.442670289,2.48634534,-3.932544748,-3.351290195,0.554419367,1608.630766
2.080072744,2.558301044,-2.77457661,-3.22670187,0.568108314,1637.426202
2.260238606,2.25282946,-3.87760065,-3.508676035,0.565328702,1635.918488
1.164869083,2.528063925,-2.68104507,-2.846103057,0.636225667,1816.743809
2.121024604,2.729237638,-3.62190589,-3.287892307,0.561983181,1636.205502
1.682108567,1.864421825,-4.024079347,-3.614015801,0.599094615,1719.261459
2.283314233,2.036353429,-3.910037812,-3.587757503,0.561118646,1631.719414
2.229671318,2.738998482,-3.572522251,-3.349789972,0.554055922,1620.906562
2.143877716,2.5226766,-3.353196849,-2.989948197,0.582950162,1669.105238
2.364009898,2.229542375,-4.26569328,-2.785037011,0.557460062,1617.714052
2.196012344,2.441257874,-4.153939871,-3.35258395,0.569261417,1634.721716
2.130868625,2.018146877,-2.939364324,-3.04405479,0.585590555,1682.592505
1.871590579,2.586357946,-3.579593042,-2.787142573,0.582738974,1676.652851
1.913927018,2.607403526,-2.695385808,-2.665336233,0.577969294,1671.572461
1.731869608,2.560073775,-3.202298202,-3.428308634,0.57549844,1664.176862
1.992119688,2.336993513,-2.911385377,-2.789664015,0.593315548,1709.83269
2.195849357,2.643800487,-3.868217392,-3.498546866,0.571682336,1651.068156
2.164754391,2.532088096,-2.905594321,-3.289131823,0.566785422,1644.169499
2.050189934,2.504657117,-3.940961956,-3.286116245,0.566325792,1619.368444
2.203129862,2.056418286,-3.33454874,-3.296414814,0.576505576,1672.439802
2.080258677,2.248016312,-2.594244167,-3.288388028,0.572196428,1650.107145
1.855437949,2.586761017,-3.29841379,-3.40349561,0.602669393,1719.616223
2.352969419,2.530819438,-4.476420601,-3.112718276,0.556794961,1600.466049
2.358419593,2.768839205,-4.004326047,-3.208626955,0.581845085,1699.755898
1.482858354,1.722104243,-3.357144309,-2.797882049,0.628178758,1798.109212
2.07615204,2.42984521,-2.834279571,-2.799951907,0.575538047,1659.714482
2.002079064,2.516103815,-3.303210709,-3.377505923,0.569325569,1641.66384
2.268055511,2.409923254,-3.100842055,-2.947124992,0.547911663,1593.598726
2.032554917,2.7887742,-3.910797215,-3.642160674,0.572448849,1651.883741
1.956506113,2.591337668,-2.882154853,-3.000323339,0.571702825,1634.11017
2.031554329,1.941015754,-2.977873425,-3.439532952,0.59623894,1722.888923
1.887123806,1.861555366,-3.491012555,-3.061861489,0.598222852,1708.885756
2.393246411,2.239473139,-3.268813863,-3.288230663,0.565926235,1652.067796
2.248162692,2.714618836,-2.67989475,-3.286304748,0.578810216,1670.256058
1.949412828,2.374440607,-2.963431429,-3.389146571,0.57934046,1647.497267
2.128181671,2.301582596,-3.811549483,-3.283622875,0.569649527,1637.96874
2.239565033,2.777703617,-3.384679132,-3.339441709,0.553681686,1607.791519
1.829667119,2.476211938,-4.432404386,-3.279725343,0.579855359,1676.329065
2.086736122,2.482892516,-3.962210174,-3.674938758,0.563109553,1634.66337
2.365001526,1.799401333,-2.942607341,-3.538909322,0.579945845,1667.370268
2.221093711,2.696758655,-3.528960066,-3.013619268,0.564926158,1633.758572
2.211612353,2.286358778,-3.495028357,-3.608970267,0.558830825,1612.407338
2.319132374,2.622978443,-3.666771444,-3.546700569,0.563793155,1620.754805
2.043065236,2.624685608,-3.312121239,-3.015339505,0.56472844,1622.031528
2.314197045,2.361525935,-3.018145792,-2.694228565,0.56995287,1633.085411
2.191863225,2.669758776,-3.272790476,-2.896566494,0.582373631,1671.130974
2.06779696,2.317340592,-3.452774672,-3.501207456,0.566862395,1637.614847
2.333135883,2.466727729,-3.485881181,-3.042954405,0.566211065,1624.69849
1.987259948,1.830793353,-3.012208296,-3.22696297,0.579733887,1674.875221
2.213614448,2.673921446,-3.82232199,-3.192743113,0.546123663,1575.76767
1.959928458,2.527963863,-3.911735089,-3.312002378,0.580248761,1669.277323
2.133862312,2.703777774,-2.835813952,-3.102856078,0.571819634,1651.417794
2.103681513,2.314916257,-4.081290283,-3.621206468,0.554341171,1615.044147
2.030306885,2.240389477,-4.070672858,-3.048079903,0.563589615,1633.668935
2.369304471,2.517576759,-2.453274831,-3.658246686,0.589406287,1680.384523
2.418984306,2.385612755,-3.385081909,-2.726957651,0.559956816,1622.007534
2.129315212,2.587854111,-3.862598753,-3.329841276,0.570707916,1650.848858
1.922619856,2.460798176,-3.909257641,-3.5231935,0.585990813,1692.854877
2.225081312,2.266215869,-2.970501496,-3.111225403,0.596655696,1708.615046
2.167817153,2.113160869,-3.535015245,-3.649752608,0.561737889,1625.518081
2.363225595,2.728131483,-3.741602661,-3.384645723,0.56406704,1642.748306
2.392287478,2.573725357,-2.935906835,-3.097488396,0.573000144,1660.101968
2.045904252,2.755460275,-4.20371393,-2.932075993,0.581949648,1688.503367
2.314350125,2.133317,-3.606138926,-3.61225843,0.563340085,1630.784267
1.885249061,2.769371517,-2.767563123,-3.448405659,0.580550042,1675.778404
2.138858068,2.11247169,-3.306682156,-3.299694271,0.554879137,1608.735214
2.223361325,2.503487484,-4.084145481,-3.435214106,0.584821137,1692.249107
2.192392477,2.83662419,-4.198781754,-3.115289478,0.582168539,1687.902523
1.817502512,2.731137067,-3.607995451,-2.976364544,0.578860244,1669.235532
2.09370048,2.353029107,-3.519258736,-3.589303188,0.571997662,1662.081771
2.043397005,2.206835607,-3.501048444,-2.80197565,0.553400995,1609.254633
2.414412266,2.774320176,-3.460461263,-3.363904533,0.572037736,1648.569242
2.12238845,2.75792877,-4.282657741,-3.046920943,0.587590897,1686.385985
1.940592312,2.431934782,-4.610190334,-3.007747,0.566230039,1652.856721
2.194468128,2.571851711,-4.382703536,-3.250712405,0.562620377,1618.85968
1.884946583,2.57833986,-3.202438617,-3.439755352,0.57786609,1669.022268
2.272888042,2.249600026,-3.94844174,-3.506256329,0.557546576,1615.722588
2.168600185,2.297038004,-2.93221405,-3.671595559,0.563785971,1611.775834
1.845519143,2.758047402,-3.318491606,-3.722833013,0.59623116,1706.405522
2.288095901,2.465821554,-3.835116545,-3.412914249,0.569762835,1638.256928
2.146059367,2.231508871,-3.066697583,-3.657927252,0.554852935,1597.625463
1.959476479,2.676351624,-4.117315313,-2.999976629,0.562241218,1634.643363
1.850626562,2.63736466,-3.974549469,-3.638452988,0.580374432,1659.250393
1.76398768,2.489766812,-3.525670927,-3.642166554,0.576444229,1671.141736
1.979382613,2.58381713,-3.547092509,-3.336715319,0.572316019,1647.005754
2.129557334,2.578289165,-4.013553453,-3.437697287,0.562033461,1621.816176
2.285846614,2.704830722,-3.845749101,-3.155218146,0.554534401,1611.14029
2.195765428,2.473364494,-2.926875273,-3.444965474,0.573103212,1663.774114
2.293123575,2.552142278,-3.872635864,-3.170757618,0.566316396,1640.710902
2.014156424,2.514888798,-3.099606205,-3.262715834,0.57020237,1648.425372
2.219505334,2.56484279,-3.847874054,-2.948292552,0.577903336,1681.709023
2.236630683,2.805229367,-3.890889469,-2.861520544,0.577732638,1666.396514
2.105204038,2.605107972,-3.89271448,-3.556019017,0.582834523,1689.577483
2.183795924,2.542220616,-3.444518564,-3.112163994,0.555849476,1620.128018
1.735762976,2.685518773,-3.694245341,-2.983497308,0.586909624,1677.739933
2.187790407,2.83368398,-3.291976393,-3.468585474,0.555692999,1600.920214
2.255436162,2.730562426,-3.978981498,-3.394869767,0.572086394,1645.288785
2.177598083,2.594795207,-3.386996537,-3.571009416,0.566896609,1625.321406
2.156256366,2.686402532,-2.726605215,-2.936884355,0.573979608,1651.217354
2.095103499,2.217095999,-4.040401918,-3.659559037,0.561687434,1617.572935
2.264719851,2.507075417,-3.757216774,-3.450156663,0.559421978,1613.941452
2.321665437,2.534500612,-2.933642045,-3.289515716,0.566043989,1638.884869
2.016247705,2.466776625,-4.167023551,-2.991302966,0.57824712,1680.291857
1.626715215,2.211887022,-3.843119425,-3.067333449,0.600896866,1715.348249
2.311639878,2.639998982,-3.53637942,-3.172666091,0.552852954,1597.902712
2.320555637,2.342151466,-3.962176886,-3.434509261,0.562218125,1618.941328
2.331049026,2.173236779,-4.293134196,-3.712777975,0.545572433,1564.520346
2.066613507,2.268519376,-4.272634078,-3.494156485,0.570067228,1641.293135
2.249279829,2.760886787,-3.781732026,-3.108129178,0.575740057,1655.660895
2.322654173,2.699373808,-3.491573991,-3.407619709,0.561205499,1621.906537
2.262499714,2.59275312,-2.770192024,-3.466204539,0.550620707,1592.028123
2.23550643,2.72597243,-3.737820369,-3.260229069,0.56975115,1655.186086
2.078283366,2.56789347,-4.381710836,-3.377382105,0.57036894,1663.562715
2.317033091,2.679948965,-2.823474396,-3.548310428,0.558772139,1617.810623
2.443707663,2.622877732,-3.855091434,-3.49991812,0.562320592,1623.675246
2.350714719,2.459493194,-2.681661854,-3.603990289,0.58264901,1666.05157
2.338453383,2.289230552,-4.541316281,-3.278417122,0.546997418,1593.340209
2.147303528,2.240094994,-4.031650377,-3.359417459,0.558186391,1611.843191
2.13408369,2.169809564,-3.69313979,-3.232161565,0.571260261,1645.459843
2.410870728,2.376077747,-4.222362044,-3.12413765,0.562359411,1643.891144
2.260315624,2.702101779,-3.836033668,-3.647989149,0.571091691,1659.759559
2.209556959,2.749266392,-3.460094643,-3.462050208,0.558962897,1612.750222
2.358765695,2.275330438,-4.433337244,-3.56016778,0.562300021,1610.212962
2.408624013,2.696459441,-4.10991503,-3.449562467,0.543791604,1559.815555
2.396919706,2.549296149,-4.28811497,-3.672683569,0.559663687,1605.666426
1.890856423,2.598388057,-4.269987511,-3.533130531,0.574213028,1641.561781
2.319433632,2.622360914,-2.838090174,-3.130865419,0.584135787,1680.133887
2.247861127,2.572940224,-3.849430632,-2.975166261,0.574323832,1645.255767
2.047187038,2.337981821,-3.630958073,-3.138618149,0.566014603,1636.561151
2.158061016,2.545330391,-3.661550484,-3.291609953,0.558790895,1626.748832
2.199206114,2.210297755,-3.110693575,-3.172988383,0.574384681,1667.043989
1.812602188,2.576211053,-2.839222791,-3.515349377,0.589717967,1699.787965
2.043344839,2.106025367,-3.299158567,-3.29637817,0.557881158,1619.925279
2.253390615,2.59489054,-3.753763731,-3.539521837,0.567026441,1648.168035
1.977399576,2.175758477,-3.651200296,-3.65305472,0.565482056,1638.55981
1.973458724,2.559160946,-4.006188123,-3.26351479,0.56770178,1642.02173
2.221550023,2.394232274,-4.170669841,-3.26375384,0.563797223,1635.326369
2.13094813,2.792976233,-3.994583885,-3.490014244,0.571149238,1653.10892
2.230719066,2.726657769,-3.509415486,-3.302615692,0.56678029,1627.275815
2.210186222,2.606794388,-3.830256536,-3.571917668,0.571598542,1640.650269
2.2729654,2.041812026,-3.800948002,-3.554648043,0.580222559,1661.170085
2.381269897,2.530386906,-4.509603167,-3.338380177,0.570765987,1654.39432
2.336481985,2.453044849,-3.830920308,-3.027925936,0.573047808,1661.359853
2.388330094,2.458314098,-4.023928002,-3.666359009,0.577425776,1663.335012
1.854459863,2.584267351,-4.263464937,-3.104663483,0.579107528,1679.032429
2.12976424,2.468841736,-3.47057779,-3.540018422,0.565137491,1632.058221
2.178380818,2.659968412,-3.524405957,-3.278634188,0.568796321,1645.957066
2.385438468,2.671805739,-2.899360346,-3.378361878,0.553665248,1597.830632
2.044980264,2.561395637,-3.634580515,-3.587782159,0.577444893,1661.095138
2.21150674,2.800784015,-3.726352047,-2.882865166,0.568363349,1636.949733
2.420501063,2.409740522,-3.433133247,-3.310075998,0.57309026,1656.922415
2.298831189,2.511046811,-3.668426574,-3.170457377,0.547981415,1614.525612
2.157454904,2.449911022,-3.827487437,-3.295497896,0.56700199,1640.22462
2.277484899,2.571688382,-3.214255591,-3.337438132,0.579380342,1667.101087
2.054165705,2.834054452,-3.462197777,-3.025850082,0.568274457,1643.490759
1.91160381,2.358599603,-3.256003224,-3.121901209,0.575511493,1666.491258
2.099553582,2.414171923,-3.900231364,-2.982189677,0.574303825,1660.006584
1.954805337,2.410724136,-3.670531912,-3.127185765,0.576358904,1673.209413
1.671474197,2.501921708,-4.141420785,-2.935865744,0.592671055,1718.776175
2.286742352,2.749173758,-3.082318964,-3.578990297,0.582858595,1678.104625
2.0183406,2.763234659,-2.559113665,-3.190073916,0.570379414,1656.799546
2.386633074,2.180173883,-3.870903973,-3.346023311,0.547248601,1591.83082
1.964104406,2.517076235,-4.038149515,-3.200912548,0.562775005,1623.730674
2.182237384,2.484261836,-3.818439171,-3.293912976,0.543433223,1579.449557
2.147649109,2.702534523,-4.200740058,-3.564366526,0.565707371,1636.894092
2.237403091,2.604339199,-3.468111528,-3.510318867,0.565101892,1645.435403
1.974610104,2.724339018,-3.477750949,-3.35432748,0.572001076,1640.534391
2.227163284,2.34096427,-3.716516397,-3.179267817,0.558510765,1599.358743
2.401663047,2.391899245,-3.375574505,-2.816879125,0.56412398,1623.844963
2.286877086,2.807028679,-3.766249394,-2.896512947,0.567305388,1647.761778
2.09515552,2.278715829,-4.704386535,-3.043902466,0.57879735,1666.784638
2.372672496,2.282870661,-4.029293437,-2.727943875,0.563485973,1634.52014
2.000231487,2.371764543,-3.53010725,-2.798082376,0.596358037,1718.476589
2.249839281,2.390825864,-4.298219586,-3.258020174,0.568617109,1643.24042
2.005220077,2.151607797,-3.688406312,-2.963614524,0.573299023,1654.043036
2.113109146,2.674245991,-2.946557119,-2.843004113,0.576144276,1645.261764
2.137317301,2.541040507,-3.312424681,-3.302376731,0.576124262,1672.612874
2.34491321,1.938593308,-3.289438966,-3.444057185,0.579256484,1686.29177
1.931172068,2.792784875,-2.712586346,-3.020215643,0.567732551,1655.625209
2.053469415,2.622770402,-3.747192679,-3.060159295,0.579258198,1651.881914
2.208009462,1.998619302,-4.271358238,-3.039339683,0.567260179,1661.159706
2.376132269,2.35769016,-3.633895884,-2.733065319,0.574863142,1664.844417
2.29315345,2.220883692,-3.574607723,-3.457583918,0.556428752,1605.050002
2.368116375,2.643791559,-3.908432861,-3.008435495,0.557658973,1616.016276
2.203117545,2.194390252,-3.193559948,-3.258678562,0.569315983,1648.418339
2.148092215,2.288450933,-4.20208464,-3.203230447,0.567542912,1654.007732
2.12354467,2.677179261,-4.154773024,-2.800315398,0.575210938,1660.027423
1.887005174,1.974453824,-3.685177838,-3.16655,0.585233086,1697.908892
2.273080404,2.399527794,-4.193355712,-3.317907442,0.565870141,1651.922086
2.052848381,2.500966831,-3.498797765,-2.920131375,0.562199296,1628.948034
2.410823774,2.467973413,-4.324067465,-3.584669379,0.552260081,1604.040646
1.715124651,2.094244086,-4.165846454,-2.796833987,0.591328811,1702.600099
2.345829537,2.035262681,-3.306457657,-2.973691633,0.577453637,1656.541046
1.948889074,2.706025279,-3.213794392,-3.552153622,0.562703558,1624.664468
1.858675564,2.305210333,-3.918036547,-3.327857777,0.577319482,1656.204604
1.988882661,2.323730895,-3.313501665,-3.248915582,0.556274337,1614.607435
2.292258537,2.494258446,-3.5871702,-3.544900706,0.556025477,1606.211135
2.404636441,2.472739553,-2.975984012,-3.179878907,0.562516289,1642.065819
2.303428996,1.871225494,-3.812645158,-2.978105507,0.571038051,1646.027778
2.033748402,2.133488503,-3.431197172,-3.244490275,0.561207043,1614.102164
2.148694338,2.345917621,-2.90117941,-3.035466584,0.57242448,1652.957075
1.671482723,2.616483506,-3.559899106,-3.568937448,0.586241385,1703.911583
2.365510542,2.118213665,-3.408170712,-3.381100405,0.576016633,1668.914578
1.851615209,2.71780916,-3.629774428,-2.915783763,0.589449324,1689.806527
2.395210835,2.434206516,-2.785787469,-3.418001333,0.567772017,1647.83754
2.115180416,2.649504363,-2.78120482,-3.033832801,0.580767899,1669.426971
2.005046609,2.382369469,-4.494426261,-3.245158986,0.591962289,1711.174196
2.305620523,2.664435256,-3.851454175,-3.173160535,0.580771906,1668.28724
2.135283682,2.48455728,-3.310316861,-3.175971347,0.55252672,1601.445221
2.320844716,2.55142736,-2.784545321,-3.310666581,0.552030137,1601.235048
1.888731398,2.500039592,-3.628704303,-3.449134566,0.577498099,1666.949404
2.338330101,2.596515555,-3.470394447,-3.567467646,0.556820391,1619.361832
1.951320986,1.879491216,-2.932781727,-3.162118631,0.598546349,1716.748484
1.930355641,2.13516667,-3.398658252,-3.608039606,0.579325033,1669.256884
2.068963282,2.543103838,-2.592512758,-3.441075749,0.577827992,1674.64948
2.282182765,2.286253595,-3.907245264,-3.684210513,0.566086259,1633.373051
2.356236625,2.752992642,-4.679968366,-3.499136438,0.575587011,1666.682954
2.251509188,2.767605175,-4.211374759,-3.347326337,0.554038362,1610.936339
2.224110118,2.404834801,-3.130899419,-2.781737876,0.573402185,1640.66108
2.251462235,2.335522925,-3.549229192,-3.671888343,0.560477299,1626.703736
2.113834182,2.215649314,-4.466717177,-3.399154509,0.566245583,1642.777296
2.236824027,2.246073949,-2.816523066,-3.608764398,0.567236425,1626.186728
2.149553559,2.428934818,-4.082629862,-2.967683864,0.570971103,1646.99015
2.205794197,2.395839611,-3.099916282,-3.052985002,0.578079361,1656.964133
2.293151716,2.620264857,-4.517972193,-3.39718056,0.573043739,1648.849579
2.207691437,2.353896973,-3.081430812,-2.973092838,0.5651642,1637.739478
2.130576666,2.557359445,-3.760413303,-3.386517487,0.569457344,1658.951247
2.124519509,2.336277631,-3.120887867,-3.337299964,0.574623706,1666.513986
2.361905045,2.294363161,-2.848364332,-3.26101053,0.562507422,1623.040127
2.238194815,2.698876998,-3.793874379,-3.530362686,0.56606389,1646.804821
2.220816917,2.82612061,-2.825273076,-2.813044591,0.591432011,1715.701856
1.630795781,2.63917452,-3.912522274,-3.507136934,0.588131272,1681.908986
1.914536209,2.720990167,-2.947347207,-3.286320222,0.585805371,1691.234076
2.364228281,2.440619855,-3.518783369,-2.848996068,0.57064809,1656.356833
2.096531807,2.648926819,-4.137255992,-3.108798778,0.57591821,1682.361038
2.220747387,2.691989696,-3.921244635,-3.462735537,0.565652206,1632.258518
2.320345502,2.502058313,-3.474442244,-3.510243003,0.574464974,1661.554471
2.017578551,2.632402724,-4.009602592,-3.40580997,0.56379944,1628.611567
2.297098074,2.393055145,-2.939198326,-3.479732433,0.579914944,1687.961818
2.232558138,2.56946419,-3.846682015,-3.02095354,0.569311983,1646.148447
2.162297067,2.567442283,-4.08137872,-3.036047861,0.558167,1614.012849
2.076210078,2.361264789,-3.518735357,-3.653307091,0.562447997,1653.064371
2.320631283,2.793321853,-4.03924035,-3.542903264,0.565092889,1630.821081
2.328297317,2.686477596,-4.131130605,-3.000735867,0.558649412,1595.272515
2.094280104,2.821292511,-3.581471261,-3.183903705,0.57366366,1641.318949
2.18177216,1.883096242,-2.956901811,-2.897496798,0.583555068,1683.305797
2.052668,2.586154512,-3.793263678,-2.925693591,0.582652918,1669.520212
1.984492617,2.138127864,-3.162759106,-3.11898724,0.568799455,1630.160223
2.34093227,2.79887836,-3.560721721,-2.929622128,0.566297996,1635.040937
1.811368687,2.773589467,-3.802532519,-3.328708605,0.574876685,1652.343814
2.409903065,2.239133518,-2.790593403,-3.229064387,0.57906232,1659.422505
2.245400294,2.738922818,-2.944212318,-3.688050731,0.574219688,1660.931372
1.909656115,2.157039121,-3.646323735,-3.283278782,0.567877234,1644.726556
2.187523688,2.511357689,-3.888735607,-2.950225873,0.558985778,1619.478713
2.201931906,1.936506883,-2.665551906,-3.335947325,0.596269493,1700.618383
2.077479394,2.529700846,-3.831221069,-3.475541523,0.569793121,1648.509935
2.078622338,2.320677982,-3.517050712,-2.94576786,0.571754087,1660.323693
2.357082433,2.464372727,-3.343128313,-3.209005131,0.556336115,1612.55593
2.066910549,2.14612976,-4.200036321,-3.497416473,0.56311839,1624.616361
2.043971077,2.552164965,-2.630131886,-2.923180629,0.586815177,1699.549154
2.251492274,2.6664445,-3.679809613,-3.357683941,0.563803027,1648.782561
2.060279917,2.283258636,-4.193946551,-3.503911368,0.56608474,1646.85878
2.229240008,2.267342874,-3.918442846,-3.061444409,0.570683832,1647.390646
2.193822781,2.628268087,-3.474494037,-3.247441698,0.567392056,1638.973726
2.105600101,2.564355784,-3.591180331,-3.286352946,0.575621094,1662.206098
2.107292003,2.579702404,-3.902002409,-3.433556308,0.569196619,1639.075467
2.072321632,2.704735129,-4.521699984,-2.869978107,0.569689469,1639.200818
2.142787551,2.838996614,-4.047302472,-3.292906062,0.578963601,1662.615692
2.084156347,2.676012125,-3.589445513,-3.363032604,0.562108616,1632.064106
2.042040351,2.82062026,-2.445213948,-3.05950745,0.579186568,1651.703834
2.223405934,2.275695879,-3.508469914,-3.151906342,0.569257734,1627.934002
1.993604612,2.356790603,-3.144148871,-3.113453381,0.592583064,1684.631459
2.109056566,2.741971223,-4.039835226,-3.425731033,0.5808174,1674.150038
2.26841065,2.371851435,-3.180664277,-3.47740117,0.583848373,1686.348494
2.084988932,2.380347053,-4.036401592,-3.641947136,0.575874834,1668.554631
1.99510608,2.16427854,-3.882573445,-3.330517449,0.564090841,1626.001056
1.994951602,2.64064552,-3.140452352,-3.508151321,0.573650776,1664.034793
1.993070312,2.369045653,-4.113720234,-3.640155593,0.581826698,1675.526399
1.850504459,1.993661526,-3.705082788,-3.005734688,0.57019728,1637.098624
2.410646516,2.251601657,-3.513092341,-3.044832307,0.554046143,1603.23838
2.352111849,2.05644135,-3.578495553,-2.965276105,0.580192557,1662.244064
2.182870243,2.584221179,-2.518455952,-3.608594518,0.574392546,1659.0931
2.119891553,2.69128422,-2.960646567,-2.896787775,0.565935893,1640.854157
2.438514318,2.473857877,-3.173797554,-2.793039475,0.562631798,1639.013385
2.358238496,2.419352427,-3.61299304,-3.525839111,0.557281276,1619.46298
1.749200913,2.653206533,-2.85255849,-3.282538305,0.593287668,1700.395512
2.163689176,2.719290752,-4.087302183,-3.320673066,0.56061231,1625.940967
2.153913738,2.132466947,-3.038823121,-3.533903808,0.578199588,1664.13691
2.150513777,2.487639389,-3.717232357,-2.853349353,0.575370157,1666.132415
2.294847525,2.812966612,-2.912968197,-3.278909863,0.556500327,1604.129447
2.364859356,2.618042588,-3.480120133,-2.99811653,0.56596291,1635.304251
2.03268692,2.574076427,-3.567940034,-2.839660654,0.56345754,1643.40234
1.944444711,2.435502254,-3.760773851,-3.44430032,0.563038973,1619.936608
2.058885583,2.575567125,-3.352991092,-3.357857342,0.567399155,1634.486111
2.192424472,2.798024953,-3.5444428,-3.582571111,0.56845786,1648.474186
2.283442784,2.404455565,-3.942491968,-2.754278709,0.561771624,1611.091183
2.283287638,1.962178721,-3.065060083,-3.127384076,0.582172479,1702.890501
2.324094746,2.276196495,-3.766055211,-3.19933815,0.579111616,1676.748991
2.174654082,2.362977823,-3.661245496,-3.094409327,0.56403158,1644.897149
1.809179913,2.522376379,-2.909625591,-3.241257642,0.565906718,1637.407426
2.43475609,2.456865359,-3.596460349,-2.733516795,0.558189952,1620.733183
2.350606475,2.580330395,-3.864328055,-3.400271868,0.546838527,1583.109558
2.32665213,2.764954891,-3.795038066,-3.317634526,0.574333522,1671.467997
1.94684989,2.305186463,-3.729845812,-3.191189284,0.563378036,1619.688991
2.156019265,2.415524419,-4.343758792,-3.529510929,0.569035074,1640.922267
2.208684572,2.573784913,-3.500552177,-3.350697966,0.564472134,1629.224083
2.071514312,2.643897996,-3.250373893,-3.370418193,0.566720774,1649.62914
2.385113203,1.93219123,-3.485130633,-3.386930488,0.576454895,1666.59965
2.145994316,2.455283918,-3.455912469,-3.590606815,0.561882558,1634.826485
1.839477356,2.682674419,-3.634273207,-3.065203051,0.592197867,1711.756694
2.114595949,2.412828768,-3.74546185,-2.719616517,0.590385531,1709.6018
2.300191667,2.470367496,-4.320702597,-3.437870782,0.557436675,1617.652842
2.025596103,2.411090442,-3.708093973,-3.117653291,0.567298899,1646.618765
2.218969111,2.509326796,-3.191626694,-3.643055408,0.546765684,1581.826581
1.937753562,2.052971898,-3.082191506,-3.230900616,0.595444186,1705.663762
1.982034283,2.414017425,-2.747127149,-3.724196909,0.581287242,1675.327369
2.431345868,2.036102661,-3.85497637,-3.306254804,0.566946413,1633.327859
1.815243034,2.603169064,-3.566399646,-3.359962776,0.604901049,1746.400112
2.145018232,2.643138533,-3.779897988,-2.847203046,0.574988033,1657.183602
2.236715097,2.144054284,-3.360580339,-3.515102759,0.563421213,1616.441625
2.207108203,2.586000137,-3.103115309,-2.969974946,0.57587213,1657.134989
1.945015979,2.619359083,-3.192648833,-3.109193846,0.584625785,1682.509416
2.293000087,2.62186101,-3.069217768,-3.561332127,0.567353499,1646.75947
2.047625192,1.893015568,-3.049152569,-3.582189731,0.595484549,1704.587415
1.933484084,2.353098059,-4.386606591,-3.049432223,0.583406966,1686.398549
2.181659079,2.21046523,-3.571012849,-3.461655939,0.561877617,1620.296823
2.049620747,2.292302636,-3.304358252,-3.711642057,0.544809454,1559.249022
1.846095424,2.614695242,-3.185910451,-3.373429351,0.586809266,1680.972928
2.387094342,2.459589694,-3.838020629,-3.078966656,0.57649144,1673.546256
2.003801712,2.367173974,-3.305563991,-3.464766666,0.599832816,1738.785073
2.334667086,2.320449995,-3.176808687,-3.561134921,0.57692834,1673.512991
2.399403181,2.618282531,-3.623660617,-3.580649983,0.559879172,1611.787476
1.753166224,2.457555328,-3.541126904,-3.527619716,0.564057991,1627.037102
2.130651209,2.448069419,-4.484019003,-3.178436775,0.56743314,1645.838166
2.012501205,2.293181641,-4.187230176,-3.16873596,0.573573158,1672.935046
1.770643073,2.553083939,-2.53186736,-3.370398206,0.595496187,1712.839283
2.188469386,2.467605074,-3.282637198,-3.305264728,0.557990853,1611.334451
2.387435395,2.461101455,-2.588491426,-3.597845423,0.562547776,1619.790684
2.279320221,2.575278098,-3.200483086,-2.786225633,0.577562798,1652.237911
1.984669263,2.367245225,-3.112577234,-3.275523882,0.579203247,1675.833254
2.10976117,2.401874825,-2.92542416,-3.239833225,0.584907278,1694.778271
2.274616362,2.811735221,-3.425920869,-3.222980916,0.559163283,1621.053141
2.102494987,2.259606293,-2.70271365,-3.297507849,0.588510055,1682.840618
2.109999982,2.599974574,-2.760626649,-3.265417435,0.570320818,1654.385959
1.886807941,2.637186841,-4.04475573,-3.500292103,0.554710989,1614.91666
2.192102717,2.368222602,-3.597123843,-3.325988601,0.565903351,1626.160604
2.360090506,2.598691326,-3.808098603,-3.436165369,0.561212775,1626.387356
1.735164289,2.54979881,-3.910451422,-3.246308376,0.577637064,1663.866951
2.07581532,2.545789699,-2.956533422,-3.67537764,0.575645433,1677.099192
2.109520069,2.683309728,-3.119013045,-3.508793611,0.564607436,1630.693843
2.396978718,2.668669688,-3.638720376,-3.227088962,0.560498677,1620.074111
2.130421519,2.181193303,-4.020638366,-3.250069967,0.572289751,1650.344266
2.137398869,2.463732116,-4.168970702,-3.466931,0.561168007,1617.347748
2.275151934,2.567978085,-2.666725668,-3.233421359,0.572842698,1652.884449
1.848356759,2.619571382,-2.618555698,-2.972855353,0.585871926,1694.875421
2.41684545,2.065511776,-3.379422129,-3.553475264,0.570260099,1659.887721
2.097261743,2.454463957,-2.728354701,-3.258954581,0.569230749,1634.64376
2.026610941,2.05240123,-3.198141888,-2.921314356,0.561920063,1633.807451
2.361048423,2.310591051,-2.825879299,-3.008431804,0.573006986,1646.483935
1.902943529,2.72703042,-2.784518627,-3.329578164,0.560681394,1618.318934
1.980622637,2.220293642,-3.926125747,-3.375418831,0.574132275,1647.050233
1.836286849,2.6174062,-3.716666415,-3.453883022,0.577038355,1658.929228
2.220126074,2.251627512,-4.010281601,-3.604040132,0.574369635,1671.5603
1.645666382,2.691615456,-3.158485272,-3.286718774,0.583578996,1682.211006
2.099750172,2.831888256,-3.794600949,-3.224750645,0.581632559,1680.796978
2.077671932,2.283647065,-3.509755287,-3.58265417,0.57601617,1665.48882
2.067797872,2.098132933,-3.176005061,-3.661636178,0.567148457,1639.474929
1.786056506,2.839567493,-3.621306026,-2.894616739,0.600623626,1712.32249
2.069246113,2.689072883,-3.621907553,-3.409869968,0.571716379,1657.959066
1.68681818,2.635826084,-3.404725273,-2.842178812,0.609755297,1759.32405
2.45785823,2.685896545,-2.772587803,-3.476719492,0.552114572,1600.358737
2.033786601,2.679950187,-4.153223834,-3.28950159,0.574027123,1667.270424
2.038649003,2.492364195,-2.536541012,-3.590095868,0.568904131,1632.684144
2.149931947,2.174940498,-3.976698417,-3.266529087,0.554962539,1606.74561
2.304525585,2.487032021,-3.021852404,-2.987676083,0.553249211,1609.955063
2.135751744,1.994831895,-2.71889775,-3.13458685,0.573615408,1661.669886
2.211096913,2.530341119,-3.863531399,-3.313726129,0.581255167,1678.69877
1.915095542,2.588923025,-3.4556634,-3.659607408,0.575894928,1650.344569
2.018921179,2.582812199,-3.454608364,-3.069566072,0.577851426,1672.419395
2.428875872,2.387498633,-3.994615768,-3.441930016,0.563724174,1637.377104
2.256391862,2.679910185,-4.320862818,-3.56016536,0.574185835,1658.568665
2.453377277,2.101474548,-2.497583177,-3.232960429,0.598347012,1710.366023
2.001295976,1.891487868,-4.374767504,-3.180126327,0.575301212,1664.817052
2.333763408,2.31754343,-2.913638421,-3.06349271,0.595923635,1702.130415
2.352358124,1.92788861,-3.489858571,-3.18441899,0.566573309,1652.62262
2.362170035,2.417089506,-2.86387561,-3.419813183,0.565207853,1622.135969
1.963820822,2.625692162,-3.620969726,-3.004908036,0.58493669,1675.184713
2.417632276,2.828950537,-3.253012662,-3.309662297,0.566633286,1632.526245
2.117653905,2.520398075,-3.827781925,-2.899597675,0.562765329,1613.641418
2.189977522,1.864976259,-4.148349101,-3.275183077,0.551026641,1595.292536
2.333523457,2.372169502,-3.097752459,-3.439020963,0.57045994,1638.896862
1.962345858,2.033994675,-3.835617577,-2.952170046,0.582769275,1681.341186
2.035676398,2.634743819,-3.429652063,-3.507270028,0.568777673,1639.135976
2.440854345,2.774278552,-3.99201436,-3.46767342,0.562720543,1617.999276
2.132707484,2.415853222,-3.888908803,-3.054762142,0.572340506,1658.419094
1.964037651,2.177526774,-3.705852405,-3.00978905,0.55212936,1602.596084
2.150491574,2.18202029,-4.26989762,-2.774304903,0.546322795,1582.827165
2.25271732,1.844341859,-3.260198284,-3.282322034,0.565810591,1641.65452
2.058036683,2.79692874,-3.905151213,-3.205912807,0.563901216,1626.633476
2.345032135,2.822743919,-3.002953108,-3.66171546,0.557858938,1623.195623
2.007365316,2.569313365,-3.113555381,-2.701009773,0.576217686,1680.843559
2.180464009,2.736895842,-2.538639648,-3.71300812,0.570504969,1643.53881
1.975083275,2.659194772,-2.942219085,-3.114823593,0.578535051,1685.605713
2.235076501,2.097099442,-3.495308644,-2.869204708,0.565040774,1639.665391
2.01637763,2.310629574,-2.511678889,-3.442378849,0.568317217,1658.265319
1.625600644,2.277703177,-3.074936443,-3.336797729,0.592992431,1716.060806
2.224916868,2.569223589,-3.145657215,-3.490142504,0.560885717,1621.077794
2.22359878,2.671812595,-3.098148458,-2.986251229,0.580027519,1676.762478
2.408734407,2.300632922,-3.731305521,-2.842939073,0.568186981,1644.394303
2.264598159,2.178664647,-4.16675564,-3.607107609,0.568027833,1638.348053
1.741773055,2.561908291,-4.567002695,-3.267969471,0.592222781,1710.649011
1.994891324,2.45121096,-3.886240314,-3.292370249,0.562977532,1609.710903
2.262199489,2.715203893,-2.905060841,-3.045985863,0.571094402,1650.702942
2.265355847,2.547582538,-3.913155622,-2.967362021,0.581441633,1686.072156
2.278266497,2.700456001,-2.84841327,-3.217480467,0.564071683,1634.916362
2.085877138,2.399094347,-3.637817805,-3.164185053,0.579148724,1680.283523
2.042251293,2.213641459,-3.241709263,-3.647672354,0.571140873,1661.018744
1.922536781,2.504605203,-2.524595884,-3.669683996,0.572366366,1643.72788
2.332912062,2.115788156,-2.818091903,-3.54623084,0.568546021,1664.499392
2.373834574,2.77019665,-2.490793021,-3.687812066,0.555604155,1626.113995
2.339240015,2.558893952,-4.165245149,-2.771948062,0.571955086,1639.283673
1.953113336,2.804370228,-3.697677486,-3.382645582,0.572311142,1656.073987
2.166034338,2.68042449,-3.868979382,-3.421762549,0.574108496,1660.648824
2.3956969,2.550098249,-2.934152571,-3.247316704,0.548557569,1595.318835
2.323748954,2.522159067,-3.43961228,-3.475096337,0.564497186,1616.953966
2.293045945,2.7766458,-4.121374582,-3.355445697,0.565224348,1632.281672
2.350752614,2.287352492,-3.317688089,-3.078792276,0.573034619,1659.05353
2.221742447,2.077501628,-3.623155823,-3.22768176,0.559212467,1608.950248
2.099259673,2.745538417,-3.637992985,-3.215139456,0.568864849,1651.777889
1.817914229,2.697265732,-4.140743304,-3.195888877,0.565621283,1624.315867
2.063619343,2.686229557,-3.904162896,-3.199886852,0.575277354,1651.073573
2.245307721,2.482056551,-4.25357667,-2.909902457,0.555349899,1598.920913
2.134212831,2.365892403,-2.829298208,-3.308183035,0.593422914,1707.754268
2.129937315,2.112909706,-4.079080677,-3.1155869,0.563293319,1620.590575
2.410550267,2.359635039,-4.163326453,-3.390000007,0.547180613,1582.928057
2.307625005,2.67000935,-4.01754329,-3.517282155,0.574212253,1657.497309
2.12127897,2.358906802,-3.380373816,-2.798114292,0.566494277,1638.919387
1.97054771,2.291461307,-3.304970724,-3.540173875,0.57178958,1658.146246
1.780802529,2.234917695,-4.404423868,-3.275284851,0.571279308,1643.241713
2.262757781,2.764138227,-3.552030567,-3.561765751,0.565792802,1632.619625
2.317275482,2.529375588,-3.206753604,-2.885755967,0.567673997,1636.315727
1.807664484,2.259523286,-3.133049571,-3.170478074,0.600762279,1724.492401
2.090390002,2.448796759,-4.01429337,-3.095447132,0.573146174,1654.791594
1.929071212,2.387890137,-2.841592712,-3.358765172,0.580363216,1673.01104
1.701923663,2.268510985,-3.679021702,-2.727924567,0.60915386,1738.715958
1.761295312,2.764285169,-2.850215731,-3.392128553,0.601075633,1726.436277
2.057734154,2.410193995,-2.949371911,-2.936399715,0.556852343,1617.23034
2.167693441,2.461777811,-4.01106342,-3.546153519,0.573378175,1651.970031
2.134566881,2.355717939,-3.740246996,-2.996177131,0.578228742,1669.93698
2.365169568,2.548370373,-3.545089385,-2.93919904,0.564184793,1628.484254
2.420690586,2.249614157,-4.498367485,-3.216992916,0.546826093,1572.181291
2.149309184,2.748863406,-2.788047679,-3.29578596,0.584610799,1680.159442
2.368635364,2.500449985,-3.230548995,-3.341101869,0.549660744,1587.305081
2.206115941,2.263541132,-3.363874216,-3.450090696,0.564337416,1635.603531
2.163105725,2.541854036,-2.606716476,-3.534692408,0.562020602,1638.53691
2.101058396,2.268662676,-3.105072167,-3.597306619,0.593194189,1693.141234
2.161150241,2.566499103,-2.599736994,-3.54593857,0.552722629,1594.259646
1.787748305,2.61652167,-3.102046469,-3.075740705,0.578869828,1668.113169
2.112221331,2.628148536,-2.730714871,-2.939550471,0.572504531,1650.889849
2.312365523,2.785989183,-3.563032369,-3.426370155,0.580441931,1662.865869
2.118525453,2.263016249,-4.05797552,-3.703716876,0.57912577,1664.168694
2.180917721,2.052978868,-4.159896401,-3.560555107,0.567362906,1636.64619
2.207793067,2.178566799,-3.913369331,-3.523495748,0.569091088,1637.676989
2.158251957,2.399313803,-2.824462983,-3.110766824,0.58025414,1681.928231
2.176625931,1.952126636,-3.786814791,-3.632315897,0.559418566,1621.718631
1.818031942,2.482209588,-3.640395866,-2.898849834,0.571702173,1635.242537
2.343709356,2.781683868,-3.796229885,-3.3540754,0.557268326,1608.34464
1.722873497,2.556449725,-3.730895178,-3.333880326,0.586675811,1679.483489
2.273378455,2.161635616,-4.093300437,-3.305255748,0.554707561,1609.388454
1.743591018,2.167495972,-4.125057313,-3.263339724,0.57159877,1654.256797
2.30549657,2.783090999,-4.077611116,-2.731042271,0.568763676,1660.548525
2.221745129,2.165421075,-3.811528429,-3.200594596,0.558859946,1622.484566
2.258642053,2.400641628,-3.383711577,-3.148110159,0.567139563,1643.956084
2.219334995,2.344698986,-3.755197251,-2.744370004,0.549327608,1606.119572
1.993069192,2.842944245,-3.09693318,-3.080869589,0.543199929,1569.077683
2.415553943,2.338397017,-3.42230664,-3.183784687,0.576329582,1681.129379
1.884667818,2.468200918,-3.627833659,-3.25555925,0.571089582,1647.29183
2.160146381,2.07981478,-3.379487239,-2.82076947,0.579371762,1679.70027
2.439403741,2.629782882,-2.592376081,-3.479702901,0.583001221,1684.228527
2.113797372,2.423015609,-3.890008458,-3.548064888,0.559779009,1620.431876
2.286207434,2.485828955,-3.660746233,-3.102000836,0.564204622,1622.931277
2.232546904,2.16075394,-4.58878648,-3.192530099,0.574702662,1639.373123
2.102678339,2.52000391,-2.939304974,-3.498388676,0.573490609,1659.077723
1.872450861,2.222672895,-4.064506156,-3.276599118,0.572296491,1665.117029
2.249459814,2.651449682,-3.85009876,-3.437977743,0.549907756,1578.10027
2.366983073,2.007702694,-3.737427162,-2.770781893,0.559954932,1628.682121
2.342533232,2.241765373,-3.236632311,-3.46950387,0.558063067,1604.863172
2.137055809,2.407503056,-3.613856873,-3.643443174,0.563847734,1656.740513
2.30883354,2.719806684,-3.548977432,-3.457039934,0.568635135,1634.25753
1.866230349,2.247920364,-3.730698759,-3.265863788,0.597001516,1716.520245
1.916609255,2.677157417,-2.839457837,-3.194483381,0.585481077,1658.006495
1.839254253,2.44506903,-3.350626309,-3.01877544,0.561733802,1619.925388
2.299588527,2.027690993,-3.434378596,-3.521452279,0.586830859,1691.467404
2.2101074,2.166481093,-3.653964028,-3.364506744,0.559937499,1619.730838
2.242525932,2.744525293,-3.632311677,-2.922813944,0.576360376,1661.791903
2.222832289,2.538995597,-3.612702605,-3.325217737,0.54979022,1586.55167
2.175083818,2.524945681,-2.931968751,-3.149737038,0.574511126,1651.42148
2.236984697,2.272723323,-3.235198705,-3.658790354,0.561822498,1635.786567
1.975071918,2.569874787,-2.478738175,-3.443190556,0.5780456,1668.33007
2.107170094,2.121302172,-3.192131116,-3.458228408,0.586522254,1697.658079
2.027055982,2.0178203,-3.273152386,-2.714100363,0.585336444,1670.386067
2.183288716,2.297981273,-3.525850903,-3.4272067,0.566045284,1632.143808
2.352319354,2.836730298,-3.096275025,-3.677094682,0.566866549,1641.002056
1.988620282,2.800445955,-4.187575699,-3.271887364,0.570578425,1638.065538
2.233504794,2.401413668,-3.617590058,-3.460115406,0.56056044,1620.234324
2.060161812,2.575958877,-2.758153702,-3.331943628,0.574266149,1650.803054
2.263667468,2.134952334,-3.117472514,-2.970325399,0.569282993,1643.814715
2.409238436,2.773400521,-4.170815538,-2.716232954,0.560790383,1611.912721
1.955917678,2.100747779,-2.96086434,-3.395485103,0.579669764,1652.904677
1.988857402,2.53748106,-2.652662053,-2.978423615,0.600079814,1712.19422
2.257200362,1.924847696,-3.884388118,-3.304459808,0.561565362,1620.606348
1.977382548,2.117147382,-3.780928471,-3.016444923,0.567033174,1635.801511
2.186969894,2.535997972,-4.010764149,-3.202413476,0.580440932,1676.653538
2.337312412,2.731330429,-4.203808355,-2.80894272,0.567249924,1650.997313
2.050058624,2.630350049,-3.098373528,-3.247861077,0.571124733,1659.844318
2.329387697,2.122022175,-3.643918482,-3.460213307,0.558609148,1606.277433
1.780207391,2.787947071,-3.310289197,-3.092116326,0.567471265,1635.797086
2.350113742,2.827925282,-3.370720948,-3.41082399,0.55911061,1598.681008
2.21984496,2.457999997,-2.706168142,-3.096906074,0.571983921,1655.239559
2.307128678,2.210795905,-3.183907597,-3.378458416,0.570522841,1644.716241
2.166219126,2.1645939,-3.968169008,-3.263651211,0.565687062,1632.348052
1.969801576,2.506547335,-3.506688081,-3.214290481,0.563001633,1631.027318
2.038235606,2.674594502,-3.617548556,-3.192924536,0.582114563,1669.333741
1.813674393,2.248270953,-3.75349105,-3.385577831,0.554118914,1614.457054
2.392523534,2.602508422,-2.972257318,-2.914757268,0.569071028,1653.437437
2.209157239,2.222278134,-3.941669281,-3.325016524,0.556260873,1615.678751
2.335337834,2.626982713,-2.491359397,-3.125509024,0.575915037,1660.667226
2.120898633,2.70324833,-3.556529803,-3.207505236,0.575628689,1672.493016
2.220726142,2.532400432,-3.382429369,-2.971409737,0.558309353,1619.935151
1.900665251,2.458974669,-3.423969772,-3.190900956,0.579607783,1669.966852
2.055294559,1.998403918,-3.13328064,-3.320340353,0.566346927,1631.792769
2.136876855,1.834985475,-3.862142047,-3.531475322,0.579393296,1671.723066
2.205847144,2.028254403,-2.587065097,-3.617375118,0.585518815,1680.098708
2.407535664,2.715172175,-3.078276405,-2.858967531,0.548249793,1593.407328
1.98648846,2.347821757,-2.857524634,-3.488144064,0.585154454,1674.566418
2.259259964,2.303988375,-3.604874528,-3.355320532,0.563920784,1636.766611
2.100188861,2.236462693,-3.049639079,-3.665340391,0.582026572,1670.266607
2.355213125,2.601632248,-3.635431649,-2.991997431,0.561151919,1636.267698
2.286086494,2.065656628,-3.194201586,-2.929422378,0.577819164,1657.457337
2.415374481,2.515064973,-2.840305409,-3.265688128,0.571689149,1670.363293
1.966106417,2.134400672,-3.105300316,-2.87099781,0.609231032,1742.492666
1.962399651,2.29617884,-3.593912621,-3.315567827,0.58837314,1692.968716
2.240601368,2.778350735,-3.518203121,-3.583771923,0.562274283,1624.672962
2.110236898,2.547935935,-3.427448316,-3.471267539,0.561298035,1627.724483
1.656366498,2.32178106,-3.515499331,-3.604827657,0.566721467,1640.628853
2.129482997,2.601190357,-3.053920556,-3.403198892,0.565972992,1627.462603
1.762005045,2.778913304,-2.646313777,-3.729841949,0.580481614,1673.308042
2.365742932,2.029667839,-3.4948946,-3.652378352,0.545435933,1583.725857
2.052834936,2.717137939,-3.03460406,-3.322737197,0.578248133,1668.840477
2.361716049,2.543028944,-3.932786648,-3.225148693,0.549756719,1614.929936
2.07015629,2.481802028,-2.850486799,-3.281182663,0.571410403,1657.176412
2.079408587,2.808980624,-3.294326178,-3.45471268,0.55521113,1601.873517
1.936587157,2.441133327,-3.520630511,-3.614071422,0.575321669,1666.009289
2.232204603,2.115435336,-4.079024697,-3.370943522,0.577535444,1667.043621
2.200213657,2.303566849,-3.139979998,-3.230419622,0.56450931,1618.106287
2.058352958,2.142852926,-3.914106882,-3.344884569,0.556374999,1607.123589
2.134561942,2.575919339,-3.608128612,-3.642933213,0.569992128,1655.805158
2.403428658,2.255516376,-3.075710588,-2.748057881,0.578266761,1671.178267
2.243682499,2.315220733,-3.378485674,-3.295916692,0.561062053,1630.45663
2.040005869,2.671100158,-3.406017868,-3.307181775,0.570646239,1641.633991
2.14459653,2.375085744,-2.748842516,-3.695105975,0.574602668,1658.486926
2.064244391,2.503367337,-3.257864691,-2.876467729,0.569819821,1647.447543
2.092774164,2.799043882,-3.879855327,-3.317189134,0.569191668,1639.062848
2.10427839,1.816836171,-3.505041103,-2.861440353,0.594194099,1704.957394
2.182529698,2.444929287,-4.431501135,-3.514018925,0.553556113,1608.56234
2.396279741,2.532280929,-3.891070082,-3.12753168,0.556996608,1613.176732
1.972413612,2.573427486,-4.067805743,-3.433441726,0.607085839,1730.19598
2.391730945,2.557215339,-3.18142934,-3.263866847,0.560798216,1604.129648
2.092612892,2.003376871,-3.891318406,-3.249723097,0.56238732,1621.612491
2.256364749,2.638261499,-3.888369233,-3.615293392,0.568193373,1653.433536
2.304313672,2.468315489,-3.482775356,-3.235971573,0.564059886,1636.006398
1.970879582,2.142620214,-3.347252919,-3.362707248,0.573724278,1649.434205
1.842112327,2.795213692,-3.347414184,-3.647970999,0.574255172,1653.052267
2.364448581,2.433356231,-2.51377098,-3.543808791,0.581532717,1697.812224
2.333938137,2.463867988,-2.887766741,-3.206592204,0.567982452,1640.486928
2.196900981,2.779237009,-3.113536584,-3.077647719,0.564304585,1648.970483
2.134832708,2.805435061,-2.815113678,-3.090905045,0.573876511,1654.370124
2.244964045,2.263283866,-3.618481458,-3.533977736,0.565327253,1639.283143
2.184552246,2.764894747,-4.061070447,-3.137390613,0.554111359,1607.820548
2.149616468,2.567647087,-2.768400061,-3.39626851,0.562171481,1641.165083
2.346217648,2.212623698,-4.083808368,-3.17938402,0.554524812,1608.908037
1.928144599,2.618176044,-4.376735341,-3.676465022,0.582858761,1680.411711
2.445314231,2.208637638,-3.213823139,-2.903691545,0.565458465,1626.145624
2.084176633,2.467673476,-3.407586275,-3.159475083,0.575981112,1660.83415
2.149404176,2.217055349,-3.711980408,-3.179520271,0.564700831,1625.325896
2.071888878,1.929484906,-3.048252256,-3.597851645,0.572422996,1646.141679
1.894673178,2.815985138,-3.791246827,-3.652784331,0.590456534,1692.28378
2.402238139,2.537220014,-3.907559856,-2.854853226,0.566425297,1630.868804
1.977436261,2.7090208,-3.874038339,-3.378237307,0.5769265,1666.649682
2.056207381,2.301845033,-3.545868888,-3.518988917,0.566953666,1647.980124
2.062501247,2.192597225,-3.18586067,-3.171979451,0.568628164,1645.525966
2.150815922,2.120751692,-3.42687649,-3.408679371,0.574113471,1666.352562
1.681417088,2.364710322,-3.658263007,-3.38712617,0.581836244,1684.762919
2.101525623,2.541674375,-3.26866689,-3.571232371,0.560513626,1626.798364
2.163004243,2.653463526,-2.85794615,-3.534819775,0.584415695,1687.76648
2.014166796,2.498126021,-3.71406549,-3.354016343,0.568480744,1631.60761
2.235467088,2.642041398,-3.401975726,-3.06772735,0.561033209,1624.805605
1.957176804,2.701196027,-4.198711679,-3.4718543,0.580969084,1694.081754
2.165705128,2.489777267,-4.013944025,-3.007358779,0.58005674,1664.202332
1.909147404,2.613024887,-4.372774497,-2.832526858,0.589994831,1698.141773
2.056792458,2.582447535,-3.971826846,-3.033590205,0.568083007,1635.1062
1.961958506,2.496756087,-2.915978891,-3.548914263,0.591218394,1699.992671
2.090549764,2.573510562,-3.896516764,-3.183420761,0.57563253,1664.516768
1.827425524,2.288336355,-3.829747671,-3.340758337,0.587559741,1692.11584
1.965457337,2.244115677,-3.297553794,-3.32005396,0.584547242,1692.719995
2.191987466,2.157283735,-3.925371179,-3.349834615,0.562234679,1622.335926
2.11638153,2.673400856,-3.568613742,-3.328668791,0.560530272,1616.813245
2.423773899,2.304637844,-4.441580606,-3.118405283,0.559643551,1632.319114
2.155059595,2.358666598,-2.57975599,-3.439789919,0.582653115,1697.192317
2.082252571,2.609371149,-3.174379664,-3.33463009,0.567935256,1650.512616
2.3527942,1.9088824,-3.281490372,-3.189569963,0.562620422,1626.685774
2.270328057,2.802785371,-3.755766458,-3.316662176,0.577547734,1662.497894
2.143378935,2.408396867,-4.167231555,-3.312010774,0.559776042,1622.650015
1.98365901,2.582017475,-2.93772958,-3.173177843,0.569594801,1642.350795
2.073040897,2.300315007,-3.889050663,-3.703554285,0.567082155,1646.060082
2.061771045,1.936108684,-3.851547451,-3.127953667,0.563859815,1622.046077
2.077084353,2.577015651,-3.294663639,-3.18494304,0.567265408,1645.406233
2.296674277,2.601533005,-3.582844899,-3.347301663,0.551054701,1588.78322
2.212736014,2.338756793,-3.968115998,-3.142943825,0.56957817,1645.699236
1.971693937,2.308661716,-2.672644769,-3.446470649,0.576220034,1663.721336
2.221830891,2.373591583,-3.556425075,-3.32112504,0.555575712,1610.563133
2.288048802,2.495103449,-3.343058708,-3.424757685,0.566534709,1650.272676
2.373433453,2.505064943,-4.06102592,-3.195812896,0.569392654,1654.264625
2.331078789,2.837250677,-2.803681677,-3.17488309,0.571546627,1641.652579
2.259724969,2.715951082,-3.619242417,-3.249806258,0.567803183,1637.77329
2.10086254,2.508898789,-3.131400641,-3.4212022,0.578061765,1668.370813
2.117738806,2.326417277,-3.234257373,-3.390480766,0.55536549,1610.011721
2.27260024,2.171694431,-2.915747378,-3.249128221,0.59341031,1707.723301
2.301300363,2.709675761,-4.015563501,-3.612897734,0.572983971,1652.106982
2.030018753,2.630695441,-2.592546401,-2.946812704,0.570628937,1657.439859
1.902656521,2.211575537,-4.009935903,-2.79389084,0.566820483,1643.134439
2.352655046,2.610594819,-3.11555649,-2.828476572,0.563476356,1638.97329
1.944752046,2.715665795,-3.988607076,-3.566166561,0.573155709,1662.771662
2.365613014,2.425623029,-3.07311198,-3.053708807,0.55261615,1613.781476
2.315874153,1.92694178,-4.117839417,-2.867166993,0.55871662,1612.110777
1.909126465,2.439628936,-3.383084053,-3.062952014,0.574623945,1660.819056
2.402161796,2.76757831,-3.44543722,-3.019161566,0.567265199,1666.803852
2.35955342,2.362733059,-3.370868027,-3.278903894,0.56435532,1627.802288
2.047885787,2.462577448,-3.701964167,-3.566664634,0.565942129,1641.994128
2.182232504,2.328269758,-3.076654828,-3.676391615,0.559810543,1621.626884
1.868683021,2.728668687,-3.709876597,-2.923018702,0.550189772,1604.039156
2.3223657,2.674289205,-3.560420769,-3.281580577,0.557474104,1600.009878
2.039667228,2.494664131,-3.151815039,-3.241575205,0.580045979,1683.699939
2.162636447,2.79362784,-4.418476974,-3.3916058,0.569445063,1641.968774
2.080653417,2.505258397,-3.422552724,-3.14283125,0.56844138,1645.046961
2.058160306,2.759427638,-3.223126304,-3.205728739,0.56857222,1645.382515
1.679347413,2.009613894,-3.846388432,-3.332678515,0.572653789,1659.218587
2.357291276,2.577516273,-3.928147357,-2.918753942,0.575260413,1636.208141
2.257713557,2.553029308,-4.327985311,-3.268004748,0.566743339,1638.434526
1.59558043,2.431711698,-2.693529059,-3.488785426,0.620176049,1773.261727
2.017547892,2.832105927,-3.61603481,-3.704369243,0.554036599,1601.008087
2.087197228,2.714317934,-2.713845363,-3.534213059,0.588349008,1685.932725
2.084354137,2.613815346,-3.203351868,-3.596754074,0.570740226,1640.740463
2.244660121,2.287909457,-3.591368749,-2.827685597,0.562608263,1626.654331
1.873783872,2.208665776,-3.170171747,-3.190600423,0.571710083,1656.808942
2.323931723,2.400875732,-2.845310066,-3.465701146,0.573140673,1643.412389
2.356395623,2.02527792,-4.469851214,-3.492308242,0.562393882,1629.452582
2.336012934,2.408175655,-4.210475385,-3.660226682,0.5579417,1617.864419
2.287388704,2.539229118,-3.353315899,-3.191508371,0.570421863,1652.381424
1.929310153,2.636267734,-3.273363803,-3.615589427,0.571967687,1659.736048
1.901442514,2.809341395,-2.814314024,-2.977042833,0.586850363,1684.554891
2.195977915,2.390062382,-3.939809007,-3.360957111,0.56886149,1650.640221
2.343814076,2.472313185,-3.807954816,-3.341322818,0.563913665,1619.943772
2.290637649,2.403053392,-2.498737302,-3.261920959,0.574977559,1668.554346
2.366495423,2.592876885,-3.740781574,-3.22685703,0.563818231,1633.140524
2.425165713,2.384190089,-3.694496832,-3.173630535,0.55807267,1618.206628
2.306469324,2.20743191,-3.136007578,-3.600585302,0.562866576,1626.203782
2.325766354,2.346586557,-4.070047385,-2.950468663,0.57616521,1652.16484
2.094953038,2.526885756,-2.834756457,-3.51655815,0.576718719,1666.124486
1.936624717,2.232587294,-2.911768601,-2.727801341,0.596766446,1705.353786
2.153201174,2.33356654,-3.464804886,-3.309547177,0.573099047,1662.627023
2.16943263,2.29845153,-2.605343029,-3.501687706,0.585215187,1699.021394
1.836033076,2.445992524,-3.454813042,-2.740542599,0.587802337,1690.393729
2.283871383,2.790405921,-4.283180821,-3.448147444,0.576015781,1654.072563
2.154470088,2.527580538,-4.175102939,-3.249163771,0.556444766,1609.519571
2.123566551,2.783019815,-4.101107483,-3.18858876,0.572558736,1647.620987
2.04968588,2.70780361,-3.574237809,-2.944733909,0.565740404,1626.867421
2.245252835,2.509453907,-2.983634508,-2.99119168,0.574559926,1657.239622
2.176771389,2.507662786,-2.910452525,-3.156105527,0.579047849,1681.175107
2.099437378,2.782919021,-2.945392643,-3.356499097,0.578364026,1653.094126
2.298669569,2.411199067,-3.950045581,-3.353131602,0.554865137,1592.136699
2.034837803,2.753831739,-2.769438842,-3.26130688,0.590426897,1701.54085
2.266624542,2.518465465,-4.050067302,-3.044084466,0.563623064,1644.9533
2.193156315,2.02793996,-3.419365615,-2.782660466,0.583580643,1668.360224
2.032858601,2.245885772,-2.879842787,-3.38549675,0.591116447,1688.067535
1.965431507,2.647710719,-3.543201017,-2.859234498,0.588558907,1701.56983
2.331681317,1.901091348,-3.745961786,-3.34235991,0.563979003,1617.870485
2.45054356,2.06913002,-3.497146532,-3.614397006,0.578827186,1655.395628
1.99313166,2.068658548,-3.094834974,-3.491273576,0.572767072,1641.333638
2.023539571,2.237227098,-4.142549993,-3.228557859,0.542288447,1561.238291
2.261816805,2.754910131,-2.771263097,-3.183297552,0.575784299,1666.042518
2.153705101,2.502921836,-3.131976281,-3.26035711,0.559194993,1630.030943
2.292167278,2.338571822,-3.407759236,-3.432292057,0.580883114,1675.464702
2.097983928,2.161906498,-3.728900813,-3.205816724,0.573838593,1671.340151
2.180689169,2.448589769,-3.203513997,-3.089575208,0.563447673,1631.062501
2.416300581,1.979092536,-3.420885892,-3.471408355,0.575398195,1662.782246
2.328654576,2.73099143,-3.627570741,-3.536217237,0.562728937,1637.030089
2.086747476,2.605111723,-4.207199633,-3.202489676,0.586183649,1675.950203
2.072780724,2.313117557,-3.613339166,-3.08500391,0.565562954,1624.166744
2.211571229,2.706053793,-3.818189553,-3.529365171,0.565289817,1620.100042
2.331374211,1.832667639,-3.612452286,-3.015063681,0.570440442,1639.979171
2.185989561,2.537494097,-2.947931475,-3.629119658,0.567378304,1650.202641
2.165604867,2.481076523,-2.747667973,-3.0866578,0.599019273,1713.174914
2.350155754,2.682298782,-3.729025987,-2.740657458,0.567257803,1656.648705
2.198489332,2.345709698,-3.014517965,-2.912281007,0.565094727,1630.825807
1.93413278,2.245587786,-3.913177958,-3.003644957,0.579301556,1673.786781
2.430712487,2.569346971,-2.859007042,-3.681182072,0.576199353,1664.810888
2.290705409,2.55636063,-2.760151709,-3.679363841,0.561330851,1621.115566
1.80032571,2.776310292,-3.512293301,-3.557301912,0.583096307,1687.927862
2.021031396,2.296473026,-2.773727837,-3.291062204,0.592534773,1691.532914
2.095295745,2.583738696,-3.245919464,-2.689552507,0.580937116,1679.050252
2.02043603,2.599821816,-3.001370896,-3.005074027,0.600320422,1732.883235
2.24929652,2.591411354,-3.112148791,-3.40486709,0.562189147,1617.749409
2.26735881,2.611488372,-3.351424669,-2.993594622,0.556060054,1624.001719
2.396038994,2.25723848,-4.03382029,-3.487436421,0.562248048,1627.957125
2.307746771,2.146588863,-3.327869226,-3.207816178,0.561329931,1625.575988
2.047488675,2.365201388,-4.037942068,-3.149914228,0.574264356,1655.352452
2.412743478,2.376330578,-3.435300799,-3.558507805,0.578486254,1675.169375
2.1012796,2.604186381,-2.695367566,-3.565121454,0.584737051,1675.846981
2.393490716,2.020364945,-3.928433537,-3.526616589,0.577074574,1661.307026
2.264028195,2.010201688,-3.297767934,-3.635397698,0.58459173,1696.300326
2.179333568,2.492908933,-3.302056325,-2.935138478,0.566056249,1623.179252
2.128949073,2.511698779,-3.681946106,-3.663790653,0.588488601,1701.395058
2.059522934,2.603990779,-3.517595831,-2.781311525,0.589191911,1698.485888
2.28297925,2.689228605,-3.141808907,-3.729035098,0.554122277,1611.157606
2.270307099,2.291642859,-4.536081671,-3.409399194,0.551336413,1609.282551
2.033043429,1.946698294,-3.558619128,-3.480168656,0.576981233,1678.220012
2.360859641,2.243771563,-3.493887418,-3.598584899,0.558208483,1626.332275
2.008135881,2.522636086,-2.948456684,-3.452766526,0.597187209,1706.375072
1.894346392,2.405234787,-4.108044768,-2.741919602,0.595374643,1707.843334
1.899608831,2.197564768,-4.028169611,-3.048942548,0.58519137,1703.590971
2.174969766,2.250154965,-3.94623972,-2.744629227,0.565694894,1642.47919
2.132084205,1.865182942,-4.203141582,-2.989847131,0.574617719,1663.081451
2.29264106,2.614006563,-3.253118498,-3.110036543,0.549218171,1595.982097
1.95833001,2.564096903,-3.498191927,-3.472602312,0.564638704,1634.139097
1.88213488,2.576515443,-3.589595794,-3.445976562,0.579358756,1671.636208
2.250863708,2.110265923,-4.385947062,-3.686077882,0.583188383,1684.697158
2.193007568,2.753491751,-3.214788713,-2.772019238,0.552213053,1594.022466
1.790527462,2.104241866,-3.710609457,-3.647928614,0.573769431,1650.685938
2.290808908,2.4534667,-3.697468023,-3.356610932,0.567688361,1646.495148
2.20578256,2.14666437,-3.898411913,-3.247737593,0.558950704,1624.944555
2.276887093,2.365171588,-3.822642426,-3.263361758,0.56524695,1649.179633
2.277767301,2.512854171,-2.636203949,-3.481769532,0.588079661,1681.781998
2.135959997,2.222913982,-2.590198544,-3.336889349,0.590860335,1690.941806
2.412809118,1.947491088,-3.902279608,-3.173659757,0.559158228,1623.26361
2.031748091,2.168827154,-4.319802753,-3.304276822,0.555064737,1609.222481
2.343383487,2.412447945,-3.568852106,-3.288858693,0.554824548,1590.927167
1.911352124,2.418534148,-3.477482918,-2.986227503,0.582094361,1670.43548
2.215652198,2.288705232,-3.556079206,-3.234193927,0.580581543,1693.098846
1.882839498,2.063071428,-3.494085266,-3.539619374,0.578150826,1668.595273
1.810483083,2.280769238,-2.734304284,-3.439463332,0.608905801,1727.351057
2.200404304,2.494169989,-2.634266278,-3.393165416,0.568387173,1638.13875
2.063797671,2.3991961,-2.719684374,-3.258305781,0.595196984,1700.363693
2.388268839,2.231222195,-3.313599594,-2.931723064,0.550220333,1596.450497
2.006556092,2.657782836,-2.862279512,-3.279259219,0.577239206,1676.588921
2.221099324,2.562135818,-4.164337804,-3.181101374,0.572837813,1658.552012
2.016129668,2.367593168,-3.158259623,-3.214390814,0.584008768,1682.128299
2.068923999,2.544962936,-2.699527431,-3.559879572,0.573518801,1668.246904
2.268898998,2.056165566,-3.97274024,-3.376218848,0.570792683,1657.859906
2.330503428,2.694982621,-3.307421531,-3.511696806,0.561990992,1620.589577
2.323803523,2.469160823,-4.307272639,-3.404113968,0.545575344,1578.662048
2.182121858,2.579936041,-3.236471373,-3.287178728,0.584459971,1698.281807
2.418686351,2.372489447,-3.458465812,-2.760072615,0.581264495,1678.722185
2.185752599,2.691331305,-3.689268167,-3.14894714,0.561862714,1628.074884
2.181443546,2.551501344,-4.44305559,-3.521682443,0.592786289,1683.954992
2.036656388,2.494581243,-3.533493559,-2.85389393,0.551860519,1597.491238
2.415608308,2.839202817,-2.720864474,-3.544411326,0.561462827,1633.732458
2.453702435,2.684437028,-3.273993885,-3.69056507,0.556296083,1617.984547
2.3630677,2.090046314,-3.592656509,-2.83554809,0.560318686,1630.746094
2.119603318,2.57790934,-3.531649623,-3.443034271,0.569606287,1659.335155
2.085082681,2.144402837,-4.467312398,-2.758968169,0.583108652,1694.881427
2.411666453,2.466443742,-2.672305019,-3.458062376,0.581699178,1685.569577
2.202891689,2.11615006,-3.693217472,-3.447568933,0.569897789,1641.992646
2.134051481,2.448306951,-3.958595307,-3.649061705,0.556876221,1609.538798
2.286249253,2.725122252,-3.154523323,-3.548986371,0.562684579,1632.442238
2.319468483,2.270234701,-3.573068606,-2.918832208,0.566245196,1634.905363
1.799714105,2.827573832,-3.410984595,-3.062050393,0.589638371,1696.096322
2.277938334,2.559816015,-3.348125941,-3.221133755,0.564427472,1640.321151
2.09561786,2.087487158,-3.473690331,-3.471461251,0.576114527,1668.021324
2.200549234,2.564220496,-3.525323359,-3.171567743,0.554265283,1591.679973
2.123393148,2.470898046,-2.647891226,-3.404803019,0.579256757,1672.526811
2.013326232,1.994784489,-3.357725383,-2.876056893,0.593500105,1710.286768
2.242095286,2.558492176,-3.717664523,-3.107436581,0.566371326,1650.974188
2.44062369,2.645173242,-3.148705831,-3.604348976,0.56920161,1633.440057
2.215978188,1.831750239,-4.005207092,-3.629545757,0.570714463,1639.542774
2.300793211,2.466563564,-4.106985239,-3.268061433,0.574247758,1664.418049
2.084871159,2.361124568,-2.914027449,-3.379278877,0.568126069,1643.110257
2.309425766,2.520263043,-3.003650096,-2.983652636,0.57621766,1655.722191
2.348326614,2.492693169,-3.405446209,-2.910882231,0.554720705,1606.111433
2.304380459,2.678859899,-3.570133355,-3.181290595,0.567165872,1646.275899
2.374393123,2.234960879,-4.053378831,-2.665968447,0.546776433,1581.855126
2.107694439,2.074768609,-3.897839714,-3.390990903,0.563058842,1608.799944
2.299465097,2.142563068,-2.915801223,-2.999237653,0.5853534,1686.634374
2.28972254,2.779212508,-3.495289756,-3.627271678,0.549637519,1603.663578
2.207635855,2.189222603,-3.021397075,-3.507078435,0.58433796,1673.70181
2.299866834,2.353358243,-3.116051793,-3.402060844,0.565926736,1640.830534
2.170972451,2.16337438,-3.29103825,-3.041212316,0.558071133,1615.982854
2.232387595,2.79235909,-4.384989953,-3.395137075,0.567344041,1646.735098
2.141162589,2.269918077,-2.496576833,-3.048285753,0.584527048,1696.138002
2.123775664,2.248257054,-4.520634135,-3.287916209,0.576909705,1664.321082
2.071313315,2.760308652,-3.199507643,-3.220656009,0.557053181,1616.648766
2.047518643,2.510420651,-4.358688376,-3.532084506,0.575623123,1656.507009
2.257614049,2.729721623,-3.785210313,-3.136401284,0.552211513,1588.521807
2.070178389,2.398764266,-3.681560639,-3.408654873,0.556266673,1603.520936
2.211762032,2.455059737,-4.251175539,-3.423271311,0.563892333,1646.775197
2.227440665,2.326228496,-3.643600196,-3.491765357,0.569533229,1655.75623
2.310843684,2.538604821,-3.335240961,-2.83867048,0.572566501,1663.537957
2.124434034,2.684138433,-3.279129282,-2.986236765,0.556342972,1608.146781
1.987170783,2.368302318,-3.575945456,-3.455217704,0.58548535,1668.437444
2.011636336,2.465901793,-3.507029939,-2.949130464,0.555361997,1597.847423
2.328793675,2.339298625,-3.740847664,-3.201767973,0.562380444,1621.594752
2.239855442,2.084591788,-3.723113333,-3.140706454,0.569203692,1644.741649
2.162041135,2.156974344,-2.825756848,-3.241089478,0.58366534,1685.890723
2.203261529,2.827807742,-3.0997635,-3.049235798,0.567507904,1641.524066
2.149795391,2.491134056,-3.677724725,-3.065775081,0.562091882,1629.786496
2.360608888,2.464558697,-2.9588675,-3.351053433,0.567973823,1637.082422
2.334554223,2.746285271,-3.147727559,-3.27906656,0.549901601,1607.652685
2.333405536,2.118268425,-3.09407235,-3.673855276,0.566545381,1628.926276
2.443951515,2.02662634,-2.463954144,-3.135806668,0.589325165,1689.500863
1.824886297,2.258943804,-3.475735738,-3.641870553,0.580879639,1674.306052
2.064039191,2.25308208,-3.360822275,-3.426374742,0.57340374,1656.58274
2.202868646,2.281631409,-2.803008742,-3.221480803,0.573590949,1644.547962
1.81076296,2.498806121,-3.118856157,-2.917316478,0.593174068,1729.389459
2.294462231,1.922888436,-3.752130173,-3.630841341,0.563664367,1646.180798
2.221962843,2.252985289,-3.742572493,-3.278315938,0.564781232,1633.385
2.27967984,2.340133532,-3.020432716,-3.54448894,0.550224941,1587.696946
2.266517607,2.16285219,-3.417735634,-3.599459242,0.568895992,1631.534368
2.244976238,2.343398212,-2.806770621,-3.116207842,0.585400827,1686.752418
2.285700124,2.224226867,-4.46524898,-3.227313422,0.569516336,1652.322237