"log_N","log_k0","log_cooling_rate","log_c_repulsion","Holdout_MAE","NLL"
1.386294361,2.733141723,-2.384426793,-6.214450804,0.598983596,1714.269118
1.609437912,2.149087662,-2.618579419,-5.982650368,0.60051613,1717.979399
2.48490665,2.455723257,-2.841277115,-5.429153278,0.579502944,1666.260961
1.386294361,0.768750275,-3.316573656,-5.279506628,0.719363536,1980.177698
2.302585093,2.534264049,-2.325637653,-5.065677746,0.566794109,1634.0634
2.397895273,2.600466933,-3.911646726,-4.987910926,0.568471467,1638.35407
0.693147181,2.755180949,-3.286334634,-4.811711733,0.776639489,2091.414577
2.079441542,2.372626575,-4.633089235,-4.699589902,0.582689105,1674.222324
2.302585093,1.079517217,-2.9229351,-4.542515279,0.639915751,1810.249681
1.791759469,1.882873351,-4.714511914,-4.412827878,0.585732873,1681.787333
1.945910149,1.925357809,-3.10778853,-4.33994815,0.569102533,1639.965057
2.197224577,1.687089618,-2.529183813,-4.217830959,0.610672263,1742.330773
2.397895273,2.299352923,-3.347615838,-4.141900912,0.566228034,1632.612516
1.098612289,1.387292809,-2.305569658,-4.114168333,0.86160554,2242.163091
2.079441542,1.198139413,-2.805198785,-4.043962649,0.644861469,1821.428611
1.791759469,2.843635297,-3.072557769,-3.960653448,0.59003333,1692.408987
2.48490665,2.171044624,-2.598892511,-3.915610648,0.565385948,1630.451517
0.693147181,2.280500647,-5.018062008,-3.853280766,0.771692029,2082.13525
1.098612289,2.691819107,-2.736855518,-3.821924467,0.62983112,1787.184938
2.48490665,2.872654136,-3.192083195,-3.747509834,0.572516826,1648.650207
0.693147181,2.100096232,-2.9788765,-3.726298335,0.739075481,2019.429921
1.791759469,2.086345181,-4.04854245,-3.660341521,0.576172358,1657.891786
1.386294361,2.351269226,-2.573852506,-3.629272761,0.593804594,1701.660076
2.397895273,2.201967315,-5.682361971,-3.566963613,0.563999009,1626.885263
2.197224577,1.726350022,-3.612640013,-3.53103061,0.567178885,1635.048776
1.386294361,2.764700464,-2.678597631,-3.506730754,0.599115749,1714.589434
2.302585093,2.536605821,-2.875872068,-3.460148079,0.578511516,1663.774715
1.791759469,2.432673314,-3.773903938,-3.413146803,0.584383622,1678.438754
1.098612289,0.920557305,-2.70955059,-3.388283815,0.848687047,2220.227653
1.791759469,2.563751743,-2.994079952,-3.363734622,0.574471649,1653.599525
1.945910149,1.641066874,-2.544239687,-3.325628494,0.638692481,1807.471366
1.098612289,2.475450352,-2.49854974,-3.298859273,0.659009374,1852.940267
2.079441542,2.648252968,-2.407612761,-3.262356288,0.596391413,1707.971754
1.609437912,1.45664649,-3.689390529,-3.219277442,0.616311975,1755.678816
2.48490665,0.714583383,-2.808333197,-3.215496269,0.757559092,2055.296482
2.397895273,1.983278069,-3.818951781,-3.181361557,0.553619875,1599.915539
2.48490665,2.841588397,-2.461019914,-3.160340156,0.570284389,1642.9773
2.079441542,2.889175676,-4.481598843,-3.110704002,0.592008406,1697.261293
2.197224577,1.831644202,-3.4451407,-3.105459543,0.574004919,1652.419368
1.945910149,0.113171267,-3.142691854,-3.06225771,0.891697342,2292.009114
0.693147181,0.281129501,-3.494592649,-3.046937227,0.977789995,2425.837262
0.693147181,2.705270286,-2.522287688,-3.02862475,0.800525432,2135.398616
2.397895273,1.101796427,-4.224923471,-2.995421683,0.5851282,1680.287608
1.609437912,2.047816659,-2.47792347,-2.973342489,0.613739719,1749.606029
1.386294361,1.976256396,-6.852854823,-2.942979252,0.592099383,1697.484411
1.609437912,2.808051986,-3.384601742,-2.940540403,0.593853787,1701.780358
2.197224577,2.671911966,-2.696300717,-2.899964469,0.581458528,1671.152613
2.079441542,2.638197745,-3.241349984,-2.893428156,0.575925702,1657.270059
1.945910149,1.336015952,-4.028049353,-2.871803734,0.585451417,1681.089451
2.197224577,2.226563983,-2.766480201,-2.840922408,0.568702154,1638.943175
1.609437912,1.797520756,-2.921288603,-2.831183456,0.62881264,1784.835056
0.693147181,1.513725607,-2.425439074,-2.805131825,0.902766777,2309.923124
2.48490665,0.469321727,-2.369415469,-2.784491359,0.963505921,2404.469216
1.098612289,2.391109408,-2.636309322,-2.767034624,0.670555667,1878.160001
1.791759469,2.58749953,-2.393339521,-2.748985397,0.606665251,1732.771873
2.079441542,2.322326751,-4.300177903,-2.741782794,0.578197742,1662.986964
2.197224577,1.548383814,-3.053060303,-2.714427581,0.601489597,1720.331259
2.302585093,2.779342337,-5.254006492,-2.695139057,0.576981683,1659.929916
1.386294361,2.508922987,-3.580521187,-2.680968021,0.625936856,1778.179312
2.302585093,2.814945467,-2.336386017,-2.667663646,0.583617184,1676.533161
1.573268088,2.800612442,-3.881113046,-3.504487001,0.554958493,1594.587866
1.112223983,1.368943941,-3.370878992,-2.749661443,0.716124538,1974.984422
2.237984338,2.396969306,-4.225251945,-3.68185394,0.554518981,1604.478734
2.115136538,2.474029064,-3.837973188,-3.505802853,0.562071938,1614.096425
2.403006766,2.854735675,-3.424379399,-3.284436574,0.551340796,1578.557344
1.42933016,2.875630638,-4.364976811,-2.797961536,0.607095784,1743.35458
1.990667407,2.879529935,-4.440395942,-3.717251918,0.594812024,1715.857779
1.974592091,2.236224391,-4.072815573,-2.990441125,0.572947938,1649.743168
2.321297803,2.396168935,-3.945168535,-3.246377669,0.550920245,1608.175546
1.693584861,2.844021178,-4.344599004,-2.873765461,0.610208032,1743.62493
1.66555303,2.614189991,-2.789850834,-3.03931079,0.609055862,1750.455367
2.171651954,2.305340821,-3.702913649,-3.135385555,0.563791594,1619.63072
1.981506163,2.457908146,-3.455833094,-2.729452419,0.573072581,1648.922607
1.296942023,2.845626744,-4.180298575,-3.711377385,0.606512928,1731.214139
1.586281638,2.701678974,-4.272775192,-3.624744912,0.596489687,1716.446173
1.79593521,1.7464906,-3.718295573,-3.17874599,0.581131281,1674.936667
2.020427552,2.821548183,-3.927637576,-3.167629972,0.561900313,1634.872745
1.430218764,2.247382803,-3.631802214,-3.269573716,0.631868618,1788.172343
2.24096933,2.724407749,-3.187060326,-2.880258007,0.579658846,1675.834187
2.191691729,2.555488643,-2.541917977,-3.124598744,0.580317566,1682.088248
2.448467741,2.619860562,-4.428135489,-3.438544921,0.559265063,1622.430522
1.907393383,2.621418845,-2.356155229,-3.295882423,0.59012697,1696.136595
1.791228018,2.223856724,-4.083676573,-2.686006229,0.58314765,1692.672006
1.13360065,2.323679213,-3.592598056,-3.447178842,0.65832957,1869.293044
1.790037931,2.500092441,-4.06950779,-2.931493495,0.615950551,1763.286979
1.63108463,2.672364504,-3.053103287,-3.378852022,0.585917619,1678.769523
2.255507943,2.628633131,-3.467945987,-3.567374669,0.570584132,1648.268484
2.440151822,2.678736159,-3.224487319,-3.690647043,0.561615441,1619.619619
1.745149247,2.511145106,-3.849498499,-2.906579364,0.579729448,1678.30791
1.513009277,2.622440534,-3.230436773,-3.332466626,0.602004162,1716.830264
2.457020486,2.126223365,-2.9108642,-2.893647033,0.569236969,1642.56739
1.654846629,1.526419357,-2.952334886,-3.221346632,0.661358534,1856.827297
1.790650573,2.703084729,-2.617473796,-2.830461015,0.594079639,1709.366903
2.20018254,2.378530616,-3.796162465,-3.374634696,0.560494759,1623.406584
2.472872735,2.67754357,-4.446897701,-3.473497677,0.561538904,1637.27903
1.578381753,2.695825952,-3.240720792,-3.159321903,0.600236133,1730.312096
2.061015778,2.191537111,-4.036296771,-3.779075127,0.563697177,1633.947361
1.796504384,2.094690955,-3.113428278,-2.824527185,0.578170328,1668.64442
1.8001083,2.334844756,-3.623386925,-3.742090697,0.612725717,1753.221642
2.071450339,2.388654497,-3.350689305,-3.250463432,0.561623039,1636.382592
2.126028905,1.591698638,-3.552204027,-3.338126098,0.585051756,1702.082651
2.069420141,2.023013923,-3.298094624,-3.069615144,0.579747643,1680.649766
1.141147136,2.391440588,-2.584815497,-3.142952176,0.686294723,1934.230922
2.183001659,2.186468542,-4.87270839,-3.360794194,0.564850973,1607.759844
1.823439743,2.629091854,-4.699730302,-2.872776859,0.607794335,1740.25264
1.632210576,2.359639833,-3.293290826,-2.740468086,0.589064103,1701.661146
2.085990147,2.846949837,-2.76992976,-2.694724626,0.58597954,1669.653235
1.490412764,2.255275974,-2.873546549,-3.356971594,0.616984301,1756.051684
2.035782386,2.249656766,-3.680069203,-3.177123544,0.578397465,1665.779737
1.254221379,2.262334862,-2.850360659,-3.311359266,0.603356111,1734.333254
2.173355989,2.841595568,-4.034251646,-2.728675273,0.580410323,1663.936197
1.489871001,2.645066084,-3.914528929,-3.64758508,0.611173968,1745.924737
2.090714045,2.867779701,-3.40757767,-3.280739102,0.570806703,1664.690519
1.625121429,1.984009773,-2.679168786,-3.177940927,0.631298965,1784.399083
1.940963966,2.586420965,-4.026770539,-3.076708136,0.586001956,1666.232212
1.984599751,2.490614909,-2.58760624,-3.495833782,0.571898721,1650.484803
1.653221244,1.663320692,-2.388781188,-2.981659242,0.665509622,1854.332686
1.911795432,2.546809741,-2.961395511,-2.81788956,0.574799805,1670.380509
1.680497227,2.847984214,-4.335878329,-2.874550499,0.600698265,1723.153658
2.323760574,2.617146057,-2.676104585,-2.678868914,0.587417217,1698.729139
2.255920275,2.246381131,-3.746859042,-2.741570327,0.57959562,1679.118099
2.26193418,2.124995754,-3.294319661,-2.813553602,0.581474434,1671.192332
2.457206916,2.851527035,-4.209093572,-2.903069809,0.564549326,1639.515544
2.111486646,2.028726565,-3.545952742,-3.552809898,0.568906825,1653.014947
2.434862632,2.68409663,-3.196205643,-3.64788328,0.558937013,1602.680172
1.97294103,2.813997075,-4.000699593,-2.963443507,0.587561878,1689.798394
1.633793836,2.408068644,-2.540385623,-3.010877772,0.619608897,1770.712378
1.848317351,2.651638419,-2.46133419,-3.020221367,0.611964455,1752.612378
1.480008083,2.281548349,-2.581015362,-3.240265372,0.637404997,1819.455018
1.800132624,2.871231705,-4.258431775,-2.975561369,0.579989754,1668.6286
2.306334431,2.307372138,-3.47500473,-2.776616775,0.576481742,1668.952268
1.558274403,1.79551083,-2.735141626,-2.687750298,0.644576834,1824.549531
1.965912564,2.510571625,-3.027942669,-3.038340415,0.581080654,1695.514885
1.908208962,2.619754917,-4.713410121,-3.07873357,0.581855491,1699.782296
2.021899362,2.577057056,-4.377610641,-3.362642249,0.569178156,1633.380475
1.498138708,2.312984864,-3.035019145,-2.861087224,0.618110615,1755.061912
2.228430265,2.375460307,-3.407259459,-3.22807118,0.575758355,1659.13025
2.155009748,2.525596946,-4.6220204,-2.866204635,0.538340195,1563.573059
2.295573103,1.32125033,-3.318109237,-2.760326779,0.607148399,1743.481109
1.941782731,2.485629277,-2.851870632,-2.934536328,0.569125873,1630.988657
1.800332355,2.560189107,-2.900500098,-3.553076654,0.585688206,1693.258397
1.7841377,2.833582701,-3.515780124,-3.44214207,0.597997344,1708.339431
2.22094975,2.283257028,-3.423436699,-3.102489879,0.551394789,1581.99169
1.710682371,2.835194853,-3.884796008,-3.182482063,0.60158575,1720.563353
2.198322128,2.720646464,-3.898858817,-3.216869381,0.579115109,1664.141984
1.983293814,2.3866729,-3.225704406,-2.902282305,0.566716837,1637.241188
1.568113956,2.159481382,-2.587726627,-3.568337641,0.603743462,1731.704642
2.437787892,1.948304972,-2.373948251,-2.998804172,0.613612717,1772.195895
1.439520023,2.347428503,-3.002157071,-2.875189461,0.623738377,1770.628226
1.756887716,1.915705567,-3.998400084,-2.684576798,0.606125809,1736.25011
2.103329076,2.807463024,-2.508909772,-3.218124937,0.599148993,1730.021731
2.263894151,2.233741718,-3.807072148,-2.859104213,0.559277051,1610.229388
2.468405523,1.660777839,-2.812133396,-3.305720814,0.610844773,1758.343943
2.263894151,2.233741718,-3.807072148,-2.859104213,0.559277051,1610.229388
2.379954541,2.852245383,-3.853377057,-3.737751523,0.564008157,1653.79987
1.732969883,2.827515608,-3.711255274,-3.161500698,0.57420999,1666.598665
2.061289686,2.184441302,-3.627226773,-2.978252443,0.564558921,1612.625913
1.667655269,2.157555619,-4.168650351,-3.147378051,0.591880822,1682.92397
2.269877738,2.674698936,-3.883342324,-3.389458828,0.57081588,1648.859733
1.682082722,2.350753247,-4.520564999,-3.389986698,0.583278216,1687.230147
1.994493235,2.23040549,-4.009565426,-2.828755766,0.567264529,1653.287493
2.356676574,2.361603421,-2.933247699,-3.23622717,0.569692416,1647.121738
1.606538485,2.272304756,-4.161371702,-2.812618627,0.592797788,1706.217565
2.175653398,2.032822279,-3.666097154,-3.263226507,0.57480064,1646.45492
2.383970655,2.48625267,-4.378150847,-2.697004411,0.56630698,1622.694192
2.197969647,1.526746331,-4.476769393,-2.928240228,0.560072719,1624.535998
2.276031123,2.445699773,-4.031248323,-3.145957247,0.571179495,1658.851686
2.118158581,2.294599327,-3.223701617,-2.851379599,0.565775377,1639.316411
1.964770695,2.589361184,-3.826795752,-3.127283547,0.563391134,1624.200094
1.819999655,2.248642991,-3.672246647,-3.093271131,0.589622626,1696.057441
1.989938121,2.458302397,-4.16830469,-3.145079957,0.564376942,1630.100143
2.059727616,2.459767244,-3.672037244,-3.296215937,0.558990966,1629.495963
2.45445294,2.558867643,-3.977490825,-3.179721649,0.579122886,1664.16147
2.464214353,2.267118278,-3.57588649,-2.822024058,0.575851849,1669.637517
2.015001176,2.717441818,-2.502165819,-3.260391944,0.590624876,1689.19769
2.143421257,2.053666608,-3.615590115,-3.243629135,0.567491195,1647.114252
2.199868096,2.410301096,-3.638477578,-3.287197535,0.567952534,1639.282857
1.976336146,2.285789893,-3.999124415,-3.315060063,0.584477975,1674.048727
2.062825895,2.488168801,-3.749981696,-3.662823042,0.562510264,1621.92966
1.690315309,2.06366086,-4.557311237,-3.468745353,0.592122953,1692.865786
1.948572566,2.500619148,-4.429670345,-3.37221141,0.56978955,1657.546069
2.413458188,1.609670136,-4.290081009,-3.113507865,0.554186585,1604.709791
1.930171242,2.538459831,-4.191959422,-3.786314254,0.55231483,1614.080871
1.592773999,2.609208654,-3.60596007,-3.302410941,0.583778574,1680.399374
2.408339285,2.540432724,-3.974212787,-3.481586662,0.544687061,1574.12483
2.193700571,2.206073901,-4.364972722,-2.683449148,0.56963971,1645.85654
1.542629914,2.173851073,-4.539938063,-3.435640829,0.590692409,1696.36337
2.172359405,2.329463719,-2.567358564,-2.778844117,0.601070885,1729.977075
1.965135409,2.60253156,-3.118190649,-3.236475038,0.581431077,1683.743791
1.578869497,2.5272665,-3.470365934,-3.145265477,0.602982135,1734.615307
1.904689312,2.764760863,-4.374194404,-3.06419831,0.590444657,1685.256987
1.519874613,2.481010041,-4.245629881,-3.072213102,0.616932506,1735.357293
1.999490293,2.408745983,-4.130220153,-2.900910881,0.56502681,1649.729672
2.315610773,2.638731672,-2.963167358,-2.988979787,0.569977694,1635.41028
2.002079638,2.118248972,-3.513159161,-3.276239731,0.571805694,1640.040387
1.571154252,2.702775099,-3.505479883,-3.153313959,0.595361814,1721.906739
2.142749105,2.233719361,-3.066583157,-3.056187514,0.585290956,1688.793938
2.216470566,2.455432821,-3.792297337,-3.19269785,0.564036311,1632.583844
1.960561629,2.861560803,-4.283255766,-2.984610269,0.592530573,1719.597728
2.018375825,2.357430992,-4.463511106,-3.021799764,0.575697679,1662.399937
1.972436361,2.804382308,-4.468929236,-3.471425127,0.588104344,1708.575545
1.636902126,2.056787624,-3.541521788,-3.131779286,0.601153301,1712.413759
2.025200398,2.809290105,-3.208503785,-3.507469771,0.559965289,1635.388783
2.067696602,2.661227559,-3.492817017,-3.420228311,0.55619189,1608.858652
2.046868589,2.407513722,-2.498718578,-3.477736253,0.594462617,1710.306514
1.790691182,1.989845764,-4.493359561,-3.028536165,0.586788902,1689.043043
1.892475319,2.761164608,-2.855672178,-3.250453441,0.586046627,1692.994025
1.506601116,2.305099829,-3.394821746,-2.968214084,0.57003239,1635.549032
1.449675095,2.153662754,-4.485000788,-3.146692359,0.617876124,1754.512484
2.097983488,2.601871396,-2.952638441,-3.21130766,0.572764367,1643.598547
1.879338868,2.531342433,-3.347039354,-2.863977865,0.586220863,1684.155618
2.388194786,2.159112407,-3.836251813,-2.794289132,0.569911491,1637.504062
2.333023635,2.686172767,-4.404501556,-2.975675125,0.569651314,1648.147032
2.405733397,2.489928382,-3.864871506,-3.545908204,0.573918697,1661.304282
1.856924302,2.789975684,-3.839584435,-3.112191197,0.567972307,1638.206011
2.051701983,2.538459079,-4.55007315,-3.158921803,0.584955027,1678.700886
1.548790837,1.962188227,-3.714059744,-3.045034499,0.598371694,1734.017915
2.419814156,2.778692292,-2.46580951,-3.147558009,0.565425775,1639.537562
1.859069548,2.738769701,-3.583660228,-2.702167019,0.581679914,1662.494849
1.895518559,2.64752529,-2.687494665,-2.778246161,0.580805746,1643.076002
1.980617415,1.997919279,-4.042681869,-3.037273125,0.563496783,1625.591721
2.326532208,2.254291417,-3.870230576,-3.482612177,0.576070431,1663.343009
1.937016776,2.478940899,-3.881776118,-3.023835189,0.578329042,1673.626467
2.134653658,2.269614253,-3.058935403,-2.713770161,0.576595527,1673.810741
2.464693306,2.822679046,-3.42862255,-3.654959479,0.571137937,1665.543299
2.159979181,2.65720097,-3.609638068,-3.48071918,0.573016564,1639.690317
1.902749979,2.458519569,-4.264474207,-2.806125432,0.569139153,1646.835587
2.213932015,2.410704368,-3.445628247,-3.538213045,0.569255407,1647.133372
2.228994683,2.829401014,-2.460341591,-3.48137498,0.566182804,1631.372217
2.377166263,2.675985787,-3.451745148,-3.338413678,0.567744939,1638.7513
2.117474634,2.098317473,-3.239677445,-2.843136195,0.57880224,1671.382334
1.828131283,2.065783905,-4.345666259,-3.352835449,0.580907821,1673.226705
2.073338323,2.780419475,-4.339005632,-2.853373876,0.585045829,1680.083188
1.469356843,2.193751425,-3.996046631,-2.852530532,0.599805126,1722.169213
2.108241169,2.480297949,-3.435268651,-3.25865396,0.557324489,1612.925028
2.435439925,1.755017581,-3.056818228,-3.183314989,0.581645121,1676.223504
2.276182874,1.353814932,-4.435252851,-3.414122359,0.560832146,1610.905589
1.970016129,2.611279684,-3.37272543,-3.270726143,0.564667406,1633.091529
1.760007432,2.218578023,-3.378974313,-3.375690897,0.574973687,1654.867893
1.781949156,1.9350606,-4.00638613,-2.944954672,0.58611807,1675.788422
2.223005737,2.194812079,-3.241800858,-3.078710988,0.577954927,1682.985046
1.903456314,2.041996018,-2.835216627,-2.684808012,0.580248033,1669.2755
1.941050809,2.048772359,-2.678604775,-3.131070226,0.60640897,1716.650053
1.83156152,2.096078663,-3.175167228,-3.650818247,0.611848004,1760.748038
2.350876082,2.574132384,-3.330893717,-3.27608966,0.577370419,1666.62724
2.17785152,1.957689202,-3.280185127,-3.061247685,0.591420563,1699.32255
2.196043618,2.247815046,-3.182163516,-3.644157323,0.583250785,1674.467288
2.011552434,2.22123219,-3.789037074,-3.636920039,0.55898461,1616.141129
2.398549423,2.106375776,-4.093049861,-3.147950776,0.55908348,1625.291807
2.206069799,2.744590318,-3.743596742,-3.170616569,0.585899427,1684.517234
1.923781711,2.584592958,-2.53143602,-3.100737061,0.573870564,1653.217261
2.293677973,1.795072358,-2.812078908,-2.861250794,0.599501321,1732.064457
1.475793856,2.267145626,-4.014696467,-3.647110651,0.607247176,1737.746976
2.343476753,2.032289401,-3.506194129,-2.943299742,0.579078721,1675.519113
2.237142072,2.076944606,-3.522922277,-3.067072812,0.568806098,1634.692813
2.410304155,2.401757605,-3.597301444,-3.189080023,0.562521156,1607.426089
2.093515768,1.8734908,-3.272032988,-3.19212059,0.580785465,1672.920207
1.756847146,2.335837883,-3.214839612,-2.853774341,0.569329734,1640.544618
1.589592091,2.053533157,-3.569590524,-3.183565366,0.581354473,1668.591243
2.43066118,2.498540983,-2.710563205,-3.318495065,0.574005555,1650.144915
2.177166543,2.067702479,-2.982792033,-2.929168403,0.588338945,1706.836436
2.382616508,2.396052197,-2.847779333,-3.784300221,0.558869552,1598.060888
2.345962371,1.526705917,-3.676540318,-3.484701093,0.59018326,1705.601976
2.019677774,2.254369904,-3.47739373,-2.800975103,0.576807638,1672.063766
2.092243048,2.567631643,-2.56968197,-3.165081262,0.57047407,1644.592024
1.781387863,1.671635309,-3.386302979,-3.318735841,0.586040129,1676.754903
2.399344304,2.189787617,-3.999920035,-3.148966924,0.563989428,1622.378886
2.18857894,2.239377918,-3.793063111,-3.709679,0.551203579,1597.954343
1.766215551,2.382384766,-3.183423076,-3.627636226,0.582151546,1669.425797
2.155648015,2.556289495,-4.220464089,-3.455408217,0.568825925,1643.775017
1.653447631,1.520350053,-4.633745715,-3.44690474,0.584252813,1673.490799
2.033374289,2.575330833,-3.264602234,-2.838884315,0.568132446,1646.50985
2.480308732,2.071582029,-4.296721646,-3.49587196,0.552588299,1613.70754
2.31062114,2.137706378,-4.024410622,-2.898160539,0.566009889,1657.905091
2.111319432,2.265540894,-2.923622003,-2.895440621,0.58580916,1687.768362
2.406092428,1.531511358,-4.177652461,-2.973523226,0.569280277,1643.807774
2.421279115,2.068358122,-3.135867333,-2.930553094,0.577346869,1681.437666
2.173860736,2.046969345,-3.679486564,-2.920604823,0.579094107,1676.704788
2.216743938,1.726421102,-3.862389658,-3.005142546,0.583365729,1683.986866
2.340110058,2.081225939,-4.149450299,-2.870938933,0.559631595,1612.259703
1.89540491,2.252022731,-3.100902863,-3.680166599,0.582810521,1661.839054
2.044194515,1.444168677,-4.76951439,-2.848469483,0.578729623,1665.468264
2.425091638,2.548293782,-3.012127205,-3.082043369,0.582550399,1677.335066
2.243092258,1.581045705,-3.628890175,-3.211486957,0.572753574,1643.571278
2.165920268,2.385978112,-3.845485764,-3.413320565,0.558835539,1623.532052
2.152163579,1.680326279,-2.367606008,-3.198935764,0.644897002,1836.562407
1.456514023,2.452756733,-2.914897119,-3.439560846,0.627209212,1805.661269
2.238251397,2.342002023,-2.379488114,-3.198880053,0.580992015,1671.137313
1.397571045,1.634401353,-3.387726003,-3.253735589,0.643610055,1826.123041
2.35267186,1.938441388,-4.285381907,-3.692346413,0.558514701,1604.922257
2.073448698,1.792551853,-3.651543412,-3.114142681,0.586314887,1686.707145
2.383465129,1.512988685,-4.241825625,-3.32870513,0.574421469,1644.362646
2.418289317,2.110768716,-3.190389033,-2.802249631,0.573772279,1662.069384
2.070224324,2.176113663,-2.583398382,-3.198039473,0.581393011,1670.988997
2.429215951,2.774309179,-2.532270939,-3.416426754,0.574225943,1660.947266
1.605791722,2.205666474,-3.008670427,-3.509838007,0.605506342,1727.61256
2.220517435,2.397092421,-2.829427774,-2.736197684,0.595860029,1696.098867
1.879515461,1.713508997,-4.103201358,-3.44067675,0.580637633,1675.998363
1.709022069,1.653348344,-3.345903536,-3.714355113,0.604846829,1730.79384
2.284751827,1.83383265,-2.87518267,-3.443982843,0.57722063,1665.105581
1.891452337,1.673284965,-2.782444738,-3.509663958,0.614533808,1755.102256
2.085712221,2.131973104,-3.326738225,-3.4239409,0.575791603,1668.343312
2.236785892,2.139538966,-2.775030082,-3.423436076,0.59027871,1679.020873
1.991506722,2.473140059,-2.947915989,-3.224175679,0.577861536,1657.563516
2.134928028,1.745940234,-3.715093721,-3.506190604,0.574560368,1649.267762
1.581080591,2.085642008,-3.213687067,-3.021048146,0.609548154,1752.834715
2.064773138,1.607619793,-3.996548486,-3.095673838,0.569863679,1645.298104
2.198617199,2.161545574,-2.730908973,-3.508164469,0.589379094,1695.455946
2.442183555,1.708101231,-3.830063809,-3.209197814,0.566370016,1650.970793
2.087292843,1.838947661,-3.494432152,-2.85852484,0.582487147,1679.482473
2.378517088,1.579440565,-3.999518467,-3.112736974,0.567504466,1630.248834
2.393731592,2.167193026,-3.615861191,-3.413521574,0.555830287,1611.230603
1.857648882,1.738921406,-3.341531069,-3.682117347,0.587464728,1683.751758
2.405730556,2.444677721,-2.914702978,-2.974396116,0.555044983,1603.648423
2.161099646,2.151982112,-3.060442414,-3.085813694,0.575361854,1680.936417
2.124575483,1.588593382,-3.883688478,-3.361902556,0.565530605,1639.80822
2.462867615,2.292121026,-3.234857868,-3.011481795,0.565407689,1651.843188
2.021076286,1.750220196,-3.828594156,-3.253848084,0.576579835,1661.203309
2.168538145,2.028636849,-3.427638091,-3.216692414,0.572364078,1652.80343
2.112451098,1.652517294,-3.797575868,-3.787453463,0.582726897,1692.766264
2.369333823,1.833850365,-3.60185837,-2.902323448,0.579601301,1661.916452
1.874136289,2.181970185,-3.530632692,-2.988300404,0.572796927,1653.90411
2.158148969,1.429167801,-3.964080545,-3.150338053,0.571228896,1653.312392
2.31872349,1.47442631,-3.703478282,-3.472716506,0.573827293,1663.34718
1.780745655,1.852113806,-3.454271396,-3.521261996,0.569151765,1641.220199
1.953745707,2.528005456,-4.013527956,-2.769534166,0.576555888,1653.145668
2.317027432,2.45159475,-3.85548078,-2.907230149,0.560358545,1617.48261
2.409580841,2.455217478,-4.052242143,-3.333194037,0.584301384,1685.16926
1.867361752,2.611767094,-3.818331562,-3.300745529,0.583352321,1679.336599
2.409704901,2.393921427,-3.913116764,-3.337698976,0.53574902,1549.064618
1.677238944,2.105564746,-2.422461536,-2.760915475,0.61034139,1746.341482
2.159144341,2.732155696,-2.692825268,-2.957817835,0.584084478,1688.094228
2.148658403,2.297646938,-3.318967027,-3.475553772,0.580967883,1668.776786
2.143958877,2.161001713,-3.55411101,-2.953810393,0.579430035,1662.635956
2.047583467,2.725076279,-2.532376843,-3.724471404,0.57350571,1656.841821
1.92044179,2.087862623,-2.60314325,-3.503117022,0.591437801,1701.700854
1.898734433,1.732403458,-2.828899855,-3.006720466,0.627124634,1789.517777
2.086126613,2.300454605,-3.223978693,-3.383422671,0.56689918,1634.332544
2.04962297,2.355007243,-2.835255515,-3.203526446,0.587831421,1697.436713
1.917254559,2.008539853,-2.668555723,-3.578124386,0.599509617,1719.0882
1.818350151,2.220324885,-4.389917745,-2.848415872,0.586257077,1669.176422
2.367021815,2.696723797,-3.339761622,-3.262477095,0.545626654,1585.322562
2.37231524,2.494869522,-4.128220358,-2.859185568,0.550598565,1590.873334
2.02413667,2.25779829,-3.227691432,-3.578097467,0.586155294,1685.152067
2.091267906,2.620585112,-3.034489876,-2.707413145,0.566667554,1626.98817
2.313304693,2.080556007,-3.157545908,-2.828435983,0.585099725,1679.05977
2.366452319,2.591499232,-3.667353067,-2.954782964,0.567831685,1640.100658
2.284567671,2.744045679,-4.658563724,-2.844900167,0.552614004,1607.17547
2.08285688,2.716533887,-4.451496846,-2.955166372,0.593774011,1708.616635
2.241515856,2.644137861,-4.306666469,-3.216277723,0.570911279,1646.837799
1.687379481,2.26131293,-4.040029453,-3.240951235,0.579104888,1672.144504
2.338605967,2.555737278,-3.871262066,-3.53575788,0.557364112,1619.680131
2.008108394,2.119404508,-2.82795323,-3.43525502,0.597391184,1693.912303
1.742884072,2.200165037,-4.171620569,-2.928137182,0.559702791,1616.895224
2.311820838,2.279812598,-3.767165501,-3.743771767,0.547077416,1579.384239
2.225441778,2.846878246,-2.581973513,-3.330600584,0.577033812,1661.204388
2.381128988,2.240000751,-4.582256588,-3.688986978,0.557936779,1615.632284
1.465380989,2.467144436,-4.182094692,-3.067009153,0.619967919,1758.191291
2.408294375,2.272980588,-3.816259544,-3.45816325,0.556688698,1634.519587
2.209818828,1.797225752,-3.650132519,-2.974513523,0.58186634,1671.019
1.903005074,1.905301865,-4.047432944,-3.241040579,0.557517362,1616.755128
2.15683083,2.412576807,-4.229099926,-2.962484784,0.570100567,1653.821242
2.22504608,2.23257213,-3.39869786,-2.99959311,0.571578677,1656.473097
2.211567609,2.526705872,-4.05953351,-3.431075831,0.581614303,1674.995156
1.781630557,2.780919553,-3.354532447,-3.543749037,0.571259423,1653.39036
2.262322962,2.810953966,-4.215718354,-3.301871257,0.55270166,1603.006355
2.188432301,2.683356026,-3.537200826,-3.212118472,0.581996963,1680.559554
1.892021695,2.552584772,-3.227057984,-2.693857849,0.568771664,1635.734024
2.420387439,2.459004174,-4.403188247,-2.819084703,0.560931764,1640.152006
2.019497151,2.499040688,-3.890399898,-3.514147172,0.575299266,1670.513525
2.153341474,2.362413516,-4.39272515,-3.268096214,0.560812234,1613.083841
1.518619339,2.49435065,-3.918874443,-3.168006933,0.597103228,1703.816326
2.087152739,2.514374415,-3.51425786,-3.58183295,0.576710729,1669.532484
2.182217638,2.33627908,-4.684985824,-2.920537091,0.572599112,1648.858883
2.396239061,2.771770258,-3.390535694,-3.209116504,0.56129566,1616.561914
2.11074673,2.477516577,-3.817706433,-2.977802062,0.563636285,1633.789748
2.00530633,2.11889362,-4.303380648,-3.529385754,0.566764453,1647.491453
1.859126573,2.831976172,-3.508620604,-3.257252835,0.596055792,1698.924323
1.947138853,2.146579381,-4.480683997,-3.329941219,0.54892148,1589.726988
1.975975172,2.366425109,-3.94610894,-3.045614819,0.56390744,1622.168373
2.238431954,2.608910539,-3.754494032,-2.959467502,0.56249941,1624.137226
2.444264165,2.267570935,-4.151941351,-3.503793896,0.567930173,1659.518637
1.826853286,2.828634968,-3.278090736,-3.214631325,0.576050751,1669.00117
2.142140251,2.802615499,-4.458274499,-3.396399524,0.586468151,1697.523027
1.946536969,2.382765106,-3.593512705,-3.609945101,0.575352684,1655.824671
2.202949986,1.747683876,-2.626178819,-3.086918609,0.615124773,1757.707998
2.444568371,2.555778647,-3.877011293,-2.97964444,0.57023921,1636.073577
2.429784861,2.561497315,-3.528822165,-3.636127776,0.553167486,1606.435926
2.106662393,2.276021696,-3.958729548,-2.992634009,0.571787989,1664.947137
2.46999277,2.278204758,-4.332745879,-3.27557747,0.562857231,1626.179643
1.992221668,2.058124319,-2.934575642,-3.133040342,0.607936005,1734.614669
2.362358132,2.569749553,-3.528618673,-3.316339131,0.546648556,1583.693897
2.169332717,2.539322582,-3.372405552,-3.071528482,0.561452094,1601.342839
1.820559642,2.088620642,-4.135426056,-2.826430267,0.559833974,1606.105417
2.001432419,2.601729836,-4.427137827,-3.069155288,0.570213298,1642.796285
2.161513079,2.759253028,-4.094717263,-3.301307708,0.58585171,1671.655766
2.305543919,2.405486502,-4.163159363,-2.970620046,0.565794,1640.488057
1.796614181,2.577949171,-3.293003805,-3.319114117,0.56692973,1627.657025
1.908713172,2.252828045,-3.967559388,-3.268899521,0.572553258,1648.742602
1.926855609,2.361215899,-4.371585699,-3.093479719,0.57023958,1662.097832
2.311637326,2.420480731,-4.099070642,-3.082950556,0.556154112,1613.185636
1.908581676,2.045334439,-3.903375282,-2.860521984,0.562011401,1612.82387
2.083388178,2.452767231,-2.525364477,-2.770861002,0.585758497,1698.067045
2.157906711,2.616053398,-3.86128021,-3.214824638,0.563086231,1626.771088
2.299323174,1.969609212,-4.389059095,-3.647320839,0.56858099,1632.991109
1.867646367,2.465918938,-4.013774708,-3.312566591,0.562338474,1613.663988
2.341850857,1.798880713,-4.321410515,-2.921964211,0.565556358,1617.410669
2.034467146,2.609364627,-3.032622615,-2.930003981,0.581252763,1666.036383
2.235476328,2.116620638,-3.620370845,-3.48476796,0.558478457,1618.155777
2.015816625,2.155550871,-3.687711534,-3.25056514,0.567897302,1645.905448
2.384556877,1.552957339,-4.789546202,-2.823669235,0.55081511,1593.63747
2.293559944,2.510113996,-3.941898598,-3.043618855,0.55529695,1612.041685
2.292449386,2.775238574,-4.112591419,-3.265292412,0.569467157,1643.15524
1.743715064,2.266071467,-3.979575323,-3.419033158,0.558424498,1608.020397
2.367247786,2.426904826,-4.550713306,-2.797445285,0.579773934,1679.568125
2.010678802,1.944819089,-3.038156653,-3.274233942,0.594472137,1706.810664
1.939616392,2.473270103,-3.864251986,-3.153216321,0.580872102,1677.736927
1.974357926,2.155316965,-4.4615178,-3.272604348,0.570062153,1625.444295
2.205221873,2.243204087,-3.75387585,-3.518472734,0.573065066,1645.494406
2.117254889,2.255102396,-3.83211314,-3.125688638,0.579210262,1649.468628
1.900327666,2.698306006,-3.182729401,-3.155878006,0.582067902,1668.065611
2.101102779,2.441236914,-3.135115693,-3.133660954,0.570235407,1656.429877
2.017047652,2.520204973,-3.455809854,-2.949775529,0.56398,1632.438378
2.131706074,2.660244377,-3.634159427,-3.605089977,0.567600987,1646.270266
1.619826823,1.969026856,-3.986538082,-3.168005551,0.585342805,1686.608002
2.272648088,2.796798655,-4.260285682,-3.109983328,0.573722877,1647.155587
1.686433678,2.665026378,-3.59330462,-3.284199917,0.580261678,1667.011927
2.367420733,2.146656573,-4.101295446,-3.049221551,0.558140517,1620.603877
2.311134844,2.686044657,-4.467972167,-2.850990744,0.574847406,1683.03637
2.167433758,2.537561171,-3.282770527,-3.021358613,0.567120485,1643.906971
1.808365183,2.579273359,-4.223314471,-3.516438024,0.592195416,1690.704521
1.761742199,2.632291428,-4.359703293,-3.148154985,0.585806607,1699.345828
2.39282103,2.224586353,-4.374401532,-3.330318078,0.573179205,1668.514587
2.174902759,2.775992173,-2.912021797,-2.837087143,0.578119832,1659.355779
2.28122104,2.627491039,-3.854935476,-2.788437266,0.561694126,1635.45179
2.228797453,2.520265422,-3.91935009,-2.755039347,0.552548108,1600.401648
2.249345012,2.66594468,-4.345081912,-2.899780456,0.569200553,1636.826247
2.200699687,2.265599662,-4.210331298,-3.168128799,0.566159863,1645.928913
1.878603286,2.753345638,-3.345402492,-3.636771663,0.579748621,1664.580423
2.092414062,2.044827232,-2.45868365,-3.651421513,0.600661414,1717.147218
2.041147637,2.329487322,-3.713346241,-3.292535513,0.558161294,1600.677507
1.948615912,2.818605665,-4.171755002,-3.448171582,0.589559634,1706.384793
1.643616803,2.59068553,-3.516379914,-3.55218553,0.573135995,1644.537102
1.956343277,2.224601276,-3.382941296,-3.353749694,0.561452001,1620.313209
2.396225521,2.363930047,-3.77202816,-2.796784102,0.575997429,1672.290321
2.438636909,2.819548374,-3.006252091,-3.616161515,0.560815205,1616.435857
1.89390126,2.161182329,-3.869088703,-3.321725835,0.597661207,1709.881547
2.066375494,2.429828327,-4.527549349,-3.576787039,0.582659705,1675.302055
2.174024504,2.152401431,-3.994112826,-3.4499137,0.55829954,1621.019794
2.01721713,2.563481061,-4.17446998,-2.874449283,0.584576834,1690.481545
2.269144786,2.090286538,-3.665037062,-3.151994174,0.564566517,1623.859761
1.970238233,2.735210971,-3.516570456,-3.606825454,0.577023596,1685.18744
2.365240761,2.577506667,-2.771195883,-3.376954761,0.56578518,1632.600051
2.063256815,2.065630551,-4.013511859,-3.343148648,0.561851673,1612.413415
2.225240993,2.446504265,-3.898509123,-3.188981339,0.563478694,1624.425587
1.840731864,2.770248982,-2.5908803,-2.80738957,0.588166489,1692.457244
2.351595785,2.672469233,-4.259399695,-3.422711813,0.57466054,1668.886106
1.922855743,2.326008548,-2.555375219,-3.37408753,0.601783761,1713.929457
1.679740732,2.402957589,-4.616910457,-2.968893719,0.580149675,1672.475214
1.973424341,2.469008317,-3.735323764,-2.727039199,0.556637832,1621.097036
2.057805643,2.425311534,-4.282015659,-3.066997869,0.564086138,1631.591952
1.790866341,2.447115602,-4.405778291,-3.080972912,0.572860166,1640.432448
1.980484434,2.600516025,-4.727546102,-3.253788638,0.581219947,1672.857757
1.902566974,2.513013538,-3.856408407,-3.175744851,0.594396863,1714.836991
1.954714982,2.71839047,-3.899731248,-2.895722203,0.577408187,1651.851306
2.023577537,2.248475602,-3.154162641,-3.277472326,0.571181351,1654.324049
2.084045606,2.380985282,-4.513742883,-3.531710635,0.571040544,1635.838453
1.872514389,2.63428927,-3.6041143,-3.430575316,0.562819231,1637.26498
2.062110896,2.833375807,-3.754328868,-2.979621623,0.569219083,1650.429305
2.303618401,2.74312426,-2.896867338,-3.607942209,0.561304709,1634.435767
2.404741835,2.599989391,-3.862866297,-3.602747448,0.551458127,1606.312277
1.982028329,2.689408451,-4.052118683,-2.802055343,0.592954567,1711.285154
2.249467666,2.680504602,-3.638170585,-2.772564107,0.573540427,1660.341679
2.227775613,2.116061403,-2.668600486,-3.221784527,0.565297593,1645.943009
2.431009244,2.696444063,-4.405518106,-3.144405131,0.575921253,1654.976118
2.115879499,2.270432277,-4.283765577,-2.764933613,0.568604042,1630.792623
1.656281644,2.728376969,-3.480164481,-3.424875544,0.597155229,1706.297476
2.46664114,2.60520053,-3.932398375,-2.962826663,0.558543015,1624.988532
1.384096104,2.775332,-3.101729502,-2.958757091,0.583986384,1683.227761
2.336358342,2.697319135,-4.310602528,-3.620474579,0.545087307,1577.362601
1.680434504,2.252991537,-4.248855507,-3.365074467,0.58996033,1695.725674
2.162448438,2.80759775,-3.150101991,-2.82452265,0.565953763,1652.139299
1.699544827,2.477347315,-3.115192332,-3.474280448,0.576167681,1667.014323
2.354897174,2.720354927,-3.977770468,-3.626512106,0.559002031,1607.294081
2.18891056,2.356515465,-3.632780053,-3.785596149,0.575236145,1654.390362
1.862700591,2.541776136,-3.152966921,-2.95836137,0.585800758,1688.905836
2.330207668,2.615499231,-2.917840452,-2.949130031,0.557489568,1610.029426
2.437542355,2.645505368,-3.92827058,-3.324551799,0.558369888,1624.534988
2.179005899,2.589394019,-4.148640299,-3.703151804,0.567106192,1638.240481
2.14043169,2.440442445,-4.573100494,-3.024676897,0.569042223,1643.199212
1.480067929,2.825790468,-3.124017428,-3.207628365,0.626002893,1785.680972
1.859025236,2.317780876,-4.36929597,-3.055000337,0.578232129,1666.509418
2.100962117,2.348728961,-4.325994149,-3.522119385,0.557613059,1614.787256
1.957842528,1.610688022,-4.058942089,-3.255239684,0.599198831,1715.971762
2.142586635,2.289665616,-4.410158263,-2.80446656,0.558899084,1621.475448
2.138688637,2.300329636,-4.385978228,-3.259280706,0.578436329,1668.168874
2.441275875,2.630617389,-3.810028918,-3.698145364,0.551562911,1587.921727
2.02261342,2.543806289,-3.473727315,-3.52981298,0.560072292,1613.400309
2.261368477,2.119527502,-3.637969979,-3.167692636,0.581105584,1664.519362
2.017995749,2.118578055,-3.755030858,-3.30495864,0.572468486,1641.715507
2.093823447,2.252043191,-4.579904624,-3.289536003,0.569799076,1634.957065
1.914836128,2.157624807,-4.214524393,-2.811401476,0.584575745,1680.072318
2.447967244,2.566784529,-4.1007328,-3.108497296,0.564448964,1615.709538
2.281774416,2.713296266,-3.52172349,-3.07032779,0.556748909,1623.604159
2.012450025,2.308251724,-4.168516454,-3.225227201,0.570923722,1635.543013
1.957980995,2.225471396,-3.608027518,-2.935369807,0.58515023,1689.600357
2.205639222,2.115045785,-3.749890525,-3.07169875,0.568933689,1644.050829
1.520048159,2.236106249,-2.938048103,-3.448222918,0.595022031,1714.025887
2.272655595,2.600463687,-3.638992591,-2.943629607,0.575505033,1667.615498
1.795986689,2.545237512,-3.598791713,-3.247268264,0.590063778,1709.968253
1.985661596,2.33335173,-4.570195308,-3.199410516,0.561748048,1646.756873
2.417517432,2.585864355,-3.494021648,-2.937069075,0.560955231,1640.213545
2.06257551,2.640810442,-3.524766402,-3.683390812,0.566559758,1643.587691
2.286064199,2.377758407,-3.915612824,-3.43548613,0.556390602,1613.805484
2.351448167,2.273320757,-4.362697415,-2.84723846,0.567488142,1632.460433
1.970061542,2.506051302,-4.030066826,-2.896779405,0.573718318,1647.14408
2.12689366,2.66294566,-3.347529326,-3.216819692,0.57721708,1661.665793
1.777127448,2.599355666,-3.594986792,-2.93948236,0.567338517,1634.331033
2.463318853,2.336635649,-4.324913707,-2.798157152,0.564464681,1639.296325
1.738643636,2.81688674,-2.862577432,-2.808218327,0.608864782,1761.966502
1.976527507,2.428503539,-3.56918028,-2.691575119,0.563491177,1637.892255
2.289325917,1.967214721,-4.108311403,-2.92975586,0.556871957,1606.20449
2.057158768,2.226845059,-3.249184784,-3.656555639,0.590644544,1692.745725
2.167443225,1.660921319,-4.287194761,-3.261753205,0.561137194,1610.575984
2.133137463,2.156526984,-4.110845817,-2.867641749,0.564632451,1634.122962
2.245150916,2.375427619,-3.440573455,-3.20614576,0.575957189,1669.905118
1.557502548,2.439278775,-4.357442264,-3.399449637,0.583405578,1687.549348
1.598836747,2.464493878,-4.187635203,-3.03161227,0.586735142,1690.069608
2.109829883,2.444169287,-3.788295557,-3.313525341,0.563669194,1637.234509
2.313253946,2.415793917,-4.175925854,-3.694686541,0.574099436,1664.040382
2.443943813,2.579175663,-3.391672803,-3.009645578,0.557626952,1610.387202
1.512409431,2.035839334,-3.556829828,-3.155215167,0.579193772,1668.927179
1.997333634,2.462271757,-2.694141539,-3.235553574,0.589640785,1684.453228
1.935072824,1.848514512,-3.021807393,-2.700450173,0.612688027,1748.319023
1.9690593,1.882692771,-4.322994923,-3.56196637,0.571312827,1659.193391
2.271310864,2.617912836,-4.490405314,-3.052955822,0.551169512,1615.4233
1.911189743,2.534655671,-3.241898879,-3.509202678,0.541956797,1566.838375
1.569536278,2.619725548,-4.119025457,-3.6807384,0.60089658,1729.553336
2.216189029,2.83810872,-3.392458333,-2.987667752,0.557054747,1613.3287
1.974725935,2.172001903,-4.381727653,-3.193507551,0.585557473,1674.404725
2.199870373,2.336392033,-3.936898769,-3.040836376,0.553520415,1601.85804
1.99201032,2.349987348,-3.124355357,-3.192066555,0.56703103,1639.173434
1.743509732,2.337853314,-3.586937527,-3.000979481,0.58354153,1664.79985
2.058399476,2.246640293,-4.49114445,-3.465405876,0.567855152,1648.051596
1.687313971,2.233255879,-3.599799087,-3.329780193,0.589865174,1698.986832
2.166677658,2.677936256,-3.04808944,-2.841177531,0.577203193,1675.353871
2.427189125,2.01671467,-3.453174014,-2.697786498,0.568338457,1658.320257
2.327522226,2.541788948,-3.915722535,-3.773850892,0.55131081,1600.432945
2.150686958,2.469296467,-2.982113112,-3.335305324,0.575789113,1674.042656
1.93308099,2.335169994,-4.238491747,-2.919335716,0.578297745,1666.674515
2.075693591,2.652746758,-3.686358354,-3.202887912,0.57309564,1636.480102
2.135174067,1.709647216,-4.072967064,-3.312927738,0.567739659,1646.627163
2.289003905,1.366765296,-3.101787854,-2.996184428,0.606341554,1742.732444
1.729318287,2.697348706,-3.97641628,-3.533163591,0.57988032,1667.206203
2.312242811,1.925816876,-2.963243861,-3.006864944,0.571992847,1655.262328
1.896996198,2.359536984,-3.625930134,-3.548175632,0.585118375,1676.791608
1.864040253,2.487536866,-3.083889406,-3.66896904,0.580688311,1672.676794
2.285840548,2.233392752,-4.358447222,-2.731134851,0.555986104,1619.381936
2.223222389,2.249826663,-3.763478704,-2.872244406,0.582768068,1680.184984
2.116140179,2.275879342,-3.794818717,-3.47217402,0.57878116,1673.621864
1.6128042,1.930228641,-2.977128037,-3.308157323,0.620267158,1762.536171
1.878155127,2.377660567,-3.560139818,-2.788411899,0.578914179,1668.224642
2.073224489,2.221230123,-2.449942128,-3.664231489,0.60146245,1726.189503
1.752610495,2.613306497,-3.747622831,-3.562285107,0.574402865,1679.616288
1.994898192,2.048760026,-4.404640676,-2.936817802,0.585433125,1670.624388
2.290407869,2.376881572,-3.862261583,-3.072908042,0.576158044,1646.437973
1.630486321,2.565310621,-3.830675854,-2.869338572,0.612446397,1748.948734
1.962704899,2.435090688,-4.141350576,-3.233046346,0.593493606,1703.242271
1.717486012,2.060664776,-3.699628172,-3.377409101,0.598171979,1735.885741
2.115727051,2.124366855,-4.11582502,-3.147567483,0.569690626,1647.11716
2.465256706,2.578692956,-4.123183348,-2.915433665,0.555188801,1611.757503
2.07989706,1.90959402,-4.269036328,-3.545919744,0.577466212,1650.852367
1.900169628,2.583855496,-4.422598735,-3.536520301,0.574560683,1664.075525
1.971247547,2.855815591,-3.035917663,-3.304931025,0.565292426,1630.211318
2.071779294,2.476946834,-3.027606728,-3.512234892,0.587024734,1702.393144
2.459608987,2.350177229,-3.309126915,-3.373289278,0.562971185,1611.931921
1.839750769,2.280432602,-3.379557389,-3.036402529,0.604590028,1744.45569
2.43161689,2.159794126,-3.927417404,-3.164657234,0.564844062,1622.327552
2.457159194,2.402658885,-4.159217425,-3.371461086,0.565629967,1647.928041
2.007897331,1.618725534,-3.366971043,-3.1786179,0.584312499,1697.9111
2.182950837,2.505580588,-2.468048351,-3.283079346,0.567460239,1648.161063
2.12871474,2.233311364,-3.711367405,-3.496389329,0.561104347,1614.952651
2.466950619,2.857835396,-3.69260931,-3.342007508,0.560343138,1636.379687
1.905364873,1.674414272,-3.799577538,-3.389545762,0.571846703,1667.366398
2.235712317,2.723686605,-3.125840098,-3.51459084,0.564006021,1630.264685
1.689084799,1.650932494,-3.487100331,-2.956402309,0.613400094,1758.437589
2.353282421,2.121445264,-3.932807797,-3.074789776,0.570233164,1647.37262
2.463440579,2.605262639,-3.953971492,-3.069599994,0.553944817,1607.38227
2.228899646,2.298065311,-2.93613878,-3.254142253,0.592103229,1688.14126
1.862379651,2.252885388,-4.284631295,-3.258430487,0.563761882,1635.234849
2.128285969,2.712029042,-3.954515737,-3.090253733,0.559232373,1624.569152
1.876941867,2.757361354,-3.697324452,-2.784526923,0.567660255,1619.376852
2.087822705,2.187025968,-3.446776393,-2.939164212,0.55649493,1616.292943
2.323642066,2.5384416,-3.863242494,-2.861282847,0.556186424,1621.015812
2.204168024,2.241295276,-4.741704473,-2.933706578,0.554137645,1616.712152
2.470074287,2.064937256,-3.999564284,-2.829504692,0.565354888,1650.582968
2.417998589,2.452328537,-3.183966963,-2.809922438,0.572253128,1658.19603
2.019800787,2.607033111,-4.221991421,-2.904917091,0.56651006,1629.960887
1.994287576,2.618624402,-4.493601858,-3.191566693,0.57900185,1669.591669
1.772414574,2.430988274,-3.975023646,-3.072278202,0.578869108,1662.379017
2.089119453,2.782693254,-3.28571636,-2.887014945,0.566228692,1637.111764
2.077934964,2.529980928,-3.554324204,-2.978224276,0.564391368,1639.106427
1.83891041,2.644867617,-3.258762993,-3.018661727,0.566742049,1644.057692
2.154166231,2.517174524,-3.733045655,-3.565063565,0.550656717,1598.7021
2.085436547,1.930921594,-2.480196698,-3.05287224,0.627001095,1779.419614
1.793100834,2.428643687,-3.081623825,-3.348366585,0.594392727,1711.308019
2.472883348,2.118442588,-2.400623435,-3.108163296,0.600861355,1733.018957
1.531717298,2.517448503,-3.69120868,-3.325315263,0.600770915,1709.126473
2.230207542,2.645270101,-3.200645262,-3.00157574,0.564073865,1633.801428
1.972193956,2.601037892,-3.617514135,-3.243822382,0.570882381,1655.8248
2.276264448,2.767290617,-2.508590124,-3.128049816,0.579217027,1655.220768
2.103690425,2.597207645,-2.799645994,-3.215679501,0.568607638,1642.087588
2.007025826,2.422101223,-4.104920965,-3.636098423,0.575666539,1653.19376
2.139047527,2.264378912,-3.824999565,-3.009986123,0.574617944,1664.221121
2.374689516,2.579504285,-4.305396441,-3.622746331,0.569930438,1644.337639
2.042107898,1.799132639,-4.568982608,-3.522083231,0.57028448,1657.687384
2.330929417,1.80150622,-4.190869242,-2.991930603,0.576161144,1666.99776
2.151665664,2.228430802,-3.625678715,-2.820211473,0.557710324,1603.948888
2.153563303,2.576074226,-3.209008319,-3.131106467,0.558497328,1620.426294
1.481686599,2.142653819,-4.055295044,-3.419590018,0.617868686,1771.458404
2.351501952,2.397893199,-4.282295599,-2.875429326,0.547451332,1585.82759
2.090276432,2.640864408,-4.425472482,-2.895579337,0.57762155,1671.838076
2.030069682,2.523776032,-4.0026692,-3.302919904,0.583865835,1699.097853
1.693939298,2.732098773,-4.389631794,-3.120505772,0.607137358,1741.066264
2.027163011,2.121997934,-2.782720155,-3.080540321,0.604261828,1721.06107
2.066901083,2.030108576,-3.835782774,-3.101694921,0.57418885,1658.576316
2.360354434,2.505191205,-2.953782367,-3.636156042,0.581820944,1676.663565
2.32513289,2.517225194,-3.462561313,-3.615270664,0.564411518,1624.58334
2.138054196,2.279510264,-4.197630969,-2.897945279,0.576148204,1649.838616
2.038136693,2.509357934,-3.874175001,-3.270579395,0.575535569,1652.864061
2.067145715,2.467907523,-3.701300996,-2.799075376,0.578948031,1687.801998
2.024816403,2.231494582,-3.251065517,-3.054670851,0.576941485,1662.11502
2.051087064,1.844990737,-2.791932958,-3.296655726,0.592832574,1713.324944
2.121794294,2.367079675,-3.795436833,-3.011733339,0.556123961,1613.106593
1.880168278,2.283951101,-3.298487627,-3.753899028,0.55869307,1609.82763
2.216374661,2.548854378,-3.899432386,-3.309624137,0.573137548,1655.906198
2.004769214,2.647466778,-3.247988128,-2.853106376,0.588748131,1689.24282
1.725120187,2.842473192,-3.558343806,-3.505674566,0.584247273,1666.542771
1.854828049,1.899015839,-3.668505847,-3.054754075,0.584930707,1686.738757
1.953987759,2.082092127,-3.737029163,-3.332300594,0.572968019,1655.475168
2.303599723,2.653220693,-4.40659805,-3.056202343,0.572044231,1654.258781
1.87841408,2.676208625,-3.37783177,-3.189876138,0.574362705,1662.433364
1.735922731,2.361263682,-3.820635986,-2.948925991,0.574104663,1658.362675
2.239766703,2.254679629,-3.930433712,-2.755647467,0.571577393,1646.265688
2.019108967,2.34785614,-4.282921548,-3.471651784,0.5594186,1626.167879
2.195981421,2.166558404,-3.514220551,-3.149918483,0.571843212,1637.866748
2.421182114,2.307178634,-3.220040861,-2.906133101,0.561635762,1630.834574
1.872191671,2.641169321,-3.83927827,-2.856493062,0.567094487,1638.210451
1.695590948,2.531647577,-3.799794154,-3.784002475,0.575282676,1652.227224
2.088380649,2.74325782,-3.835622858,-2.726246468,0.575483711,1659.57711
2.371072905,2.414934085,-2.951121204,-3.185140089,0.54512089,1589.402451
2.231560828,2.09025261,-2.468107705,-3.141110966,0.597739696,1723.036108
2.106825,2.174329754,-4.146191195,-2.738549969,0.575659465,1665.725944
2.450274637,2.762691163,-3.64285322,-3.048637513,0.546038013,1588.597523
2.119694674,2.626460509,-3.650669007,-2.927645044,0.571142894,1653.092713
1.807127849,2.02647932,-2.903133109,-3.321697671,0.635194398,1797.01834
1.91228412,2.424062867,-4.145351696,-2.838433236,0.562530921,1626.454297
1.92783731,2.39550442,-4.372638539,-2.894488564,0.576965561,1674.750613
2.186182251,2.402851676,-4.45184153,-3.653408632,0.552707791,1590.920082
2.023801909,2.230062156,-4.386345207,-3.228439985,0.550770249,1596.809253
1.998167768,2.295182195,-3.548318044,-2.846468914,0.557727549,1605.102811
2.199071109,2.44800892,-4.162237174,-3.204277167,0.554321713,1599.548838
1.763941339,2.379591455,-4.455142427,-2.967870699,0.558271987,1604.294167
2.442229023,2.605004237,-4.226484232,-3.111351263,0.563369256,1633.098365
2.3590284,1.348364107,-3.340541247,-3.118264496,0.59556907,1707.143169
2.25323772,2.508850582,-3.851734751,-3.502757751,0.570169549,1634.765597
2.288985957,2.759555828,-3.879849845,-3.079150583,0.574316303,1666.869697
2.427064492,2.298644947,-4.210925467,-2.769101009,0.566881238,1614.026836
2.315713835,2.109682909,-3.500726247,-2.894755619,0.558694238,1639.827505
1.771153634,2.16899632,-2.710255235,-3.261979231,0.618465766,1766.807362
1.927340347,2.415568997,-3.374046097,-2.911850964,0.586809176,1679.812615
2.069371604,1.708975789,-3.496304693,-3.35053027,0.580895258,1673.19524
1.69113442,2.235240617,-4.108452546,-3.449132072,0.585033487,1690.466106
2.241073836,2.330819666,-4.298271694,-2.955249003,0.56851807,1639.601525
2.443489724,2.639026488,-3.490369015,-3.327024738,0.560167364,1630.350668
2.243965182,2.799204623,-3.321872583,-3.037000352,0.559033453,1606.263759
2.343505133,2.108745946,-3.950866071,-2.861197046,0.563811013,1630.881636
2.210980127,2.633546038,-4.61779516,-2.776844705,0.578225392,1667.637821
2.33499954,2.644982748,-3.27136425,-3.314404648,0.544454009,1576.759822
2.320340546,2.606920252,-4.10231444,-3.348145452,0.559551536,1609.827344
2.037275728,2.467111394,-3.239867538,-3.268353142,0.587165236,1695.780031
2.304207479,2.154158058,-2.412896094,-2.739773917,0.587737686,1699.527069
1.979805163,2.606733409,-3.843222003,-2.802480715,0.581804837,1677.774784
2.121787701,1.946131334,-3.410794336,-3.344976409,0.570681196,1633.797255
1.959465457,2.755127871,-3.990209179,-3.036480867,0.55926371,1601.298744
2.240970194,1.696950355,-3.774355313,-2.707104812,0.563032421,1634.463236
1.729771657,2.551713537,-2.788028762,-3.298581619,0.573682,1634.540278
2.122557765,2.709841289,-3.673240892,-3.253119733,0.560198868,1615.955112
2.213332702,2.669245624,-4.298231253,-3.084194973,0.564603944,1625.077267
2.117482093,2.109725428,-3.771694969,-2.724256343,0.579848787,1664.830926
2.35366877,2.271731783,-4.016252515,-3.338463421,0.559485762,1615.219293
2.263231614,2.281554556,-3.768520275,-3.01739245,0.565943499,1636.378233
1.957203691,1.72769529,-4.216281476,-3.220783085,0.569852009,1646.399075
2.153766658,2.492455622,-2.990626169,-3.027798307,0.550362088,1595.729851
2.097709094,2.327775708,-3.025255012,-3.3308843,0.568683676,1652.440593
2.200962152,2.144904045,-2.840299873,-2.998940655,0.566927527,1629.902652
2.006482064,2.77739352,-3.721819147,-3.480002322,0.603333227,1735.46574
2.011306474,2.155141686,-3.810942107,-3.136331052,0.587710678,1692.49008
2.239641083,1.782146862,-3.617525373,-2.706324973,0.591400763,1698.105952
1.629763808,2.705340979,-3.645258726,-3.495695671,0.56535834,1625.889206
2.033638881,2.609515508,-3.955625552,-3.787026129,0.559054505,1629.662591
2.474225369,2.769953849,-2.772334251,-3.012196176,0.579185747,1663.171945
1.471810426,2.766299443,-4.100522568,-3.598083504,0.609659902,1738.723384
2.338258465,1.86690311,-3.700567674,-2.851061282,0.561397371,1623.519383
2.377145798,2.421386627,-2.387468899,-2.890891744,0.589172938,1703.095351
2.390478314,2.142492346,-3.426683665,-3.272817066,0.563253845,1631.680323
1.777124283,1.984266438,-3.435713438,-3.079333429,0.595633843,1707.301187
2.112935662,1.856617392,-3.834733182,-3.551283016,0.560340532,1615.208059
2.360617873,2.402706973,-3.378261886,-3.098962998,0.568878441,1636.006022
2.039990523,2.756907968,-3.3506972,-3.480349859,0.561688156,1617.574799
2.035626293,2.019753585,-4.156512371,-3.161538231,0.578360843,1666.833263
1.801809646,2.455333672,-3.765435038,-3.578720587,0.568846614,1629.150937
2.24177445,2.279240227,-4.592049907,-3.567036346,0.575616201,1653.067051
1.843797038,2.239862436,-3.185281893,-3.109263669,0.603646171,1750.483915
2.255045272,2.078067513,-3.150557899,-2.996723389,0.588464766,1693.195439
1.951505577,2.291798552,-3.704656795,-3.351342114,0.57793599,1668.053763
2.00021517,2.498997922,-3.815694445,-3.333618343,0.574273121,1648.543664
2.08031204,2.85805377,-2.378155583,-3.440148963,0.580257405,1673.894423
2.194302229,2.565529341,-4.250391388,-3.043903724,0.570837199,1633.059166
2.284011645,2.189845264,-3.425121665,-2.812191202,0.569171248,1648.047376
2.033116921,2.399890451,-3.970861527,-2.992509678,0.580260712,1675.051595
1.862591706,2.623980267,-3.376079878,-3.628576966,0.572763164,1670.856249
2.082156702,2.287153414,-3.86008809,-3.128044009,0.584585417,1678.940062
2.448763365,2.509862063,-3.860692566,-3.140204602,0.56104901,1624.84664
2.111165698,2.554320467,-3.516372163,-3.200951891,0.57437351,1665.876844
1.774724579,2.010435597,-3.16685867,-3.543198873,0.605460351,1752.521424
1.99619588,2.108235842,-2.89853301,-2.894434209,0.601454703,1730.909709
1.977013505,2.367508544,-3.499999568,-3.070134257,0.57554041,1650.594846
2.124659003,2.759717542,-3.23345484,-2.990660476,0.598239798,1713.644334
2.228825477,2.342184233,-4.067238752,-3.366790405,0.571794408,1657.024418
1.71791991,2.602176066,-2.824162031,-3.329937108,0.583910656,1683.038815
2.083473948,2.155468532,-4.356609488,-2.844814377,0.572219576,1646.76122
2.395371303,2.607637644,-3.207301835,-3.499418262,0.547031603,1577.083098
2.469999436,2.245659202,-4.136909883,-2.947277215,0.562097034,1624.214539
1.943907521,1.713015563,-3.204391035,-2.770507974,0.599667239,1710.016562
2.316902926,2.389909964,-2.890478469,-3.586415817,0.563687609,1630.562919
1.745304152,2.176575066,-3.442420434,-2.799720453,0.594462513,1717.344556
1.550369132,1.856404579,-4.402451657,-2.69614425,0.594071231,1718.725397
2.433851478,2.142357991,-3.419544077,-2.911054971,0.574448477,1653.540956
2.220628089,2.149417185,-3.503930964,-2.908952918,0.574740167,1651.999436
2.258760576,2.054543488,-3.273423208,-2.777379403,0.569914388,1648.820203
2.479537114,2.571709998,-3.974928878,-2.811323698,0.559389944,1627.205226
2.472148737,2.146491099,-3.198808749,-3.190879914,0.569107081,1638.847201
2.242046625,2.267752322,-3.154817914,-2.734432373,0.580437757,1692.734
2.088904004,2.172787051,-3.731861253,-3.204268368,0.576351995,1675.476072
2.135682235,1.756263547,-2.923952717,-3.395570724,0.590372908,1709.570456
2.213982788,2.224568133,-2.664259122,-3.256336847,0.593951065,1707.879133
2.113137187,1.824362113,-3.425796888,-2.823520268,0.573932895,1657.926688
2.096117539,2.022867774,-3.853245591,-3.271916904,0.572097935,1635.105717
1.997829525,2.347114218,-3.311636441,-3.273245844,0.556328604,1605.895752
2.291849469,2.222589224,-3.074067485,-3.403450093,0.579897683,1667.249681
2.201525987,2.578868554,-3.946824444,-2.995148507,0.567845765,1629.99156
1.889116077,1.940112696,-3.17438088,-3.079778494,0.57579661,1674.061757
2.141565878,1.638344093,-4.122407017,-3.437328787,0.568341659,1649.303622
2.209701682,1.593905647,-4.513143131,-3.028138412,0.572093524,1657.788493
2.350929722,1.779356968,-3.757962498,-2.915704882,0.56578637,1629.232282
1.664629787,1.907453933,-3.61694444,-2.777546149,0.613254072,1747.252446
2.247591265,2.076267563,-3.917427397,-3.780701429,0.54147621,1569.870763
2.09421019,2.44123824,-3.06996776,-3.089086567,0.559346119,1614.85684
2.472697364,2.277854707,-4.147382586,-3.099162774,0.576052954,1653.02448
2.219707522,2.619781613,-4.013571982,-3.075919454,0.568883492,1650.696765
2.128016576,2.563123542,-3.23643915,-3.306672106,0.558676907,1619.78438
2.219862491,2.293363136,-4.206784079,-3.639790352,0.560168575,1622.558423
1.730732166,2.320025613,-2.47872122,-3.256766601,0.5744723,1661.573079
1.890457501,2.463880199,-3.941961965,-3.2912363,0.586027359,1696.422266
2.31326698,2.385024314,-4.547129822,-3.113715672,0.548912558,1586.423361
2.07152568,1.787836109,-3.236269261,-3.648692499,0.585758174,1673.741958
1.945235978,2.259850673,-3.022332354,-3.597214648,0.594831672,1705.343037
2.161137107,2.458845393,-3.641284065,-3.098838327,0.56863287,1646.666659
2.382091493,2.48064777,-3.463413998,-2.860090175,0.559656283,1629.014344
2.289068592,1.774690658,-3.964491852,-2.904571486,0.564182744,1598.218184
2.441223239,2.17839705,-4.081224896,-3.012666855,0.552567866,1602.653613
1.988622463,2.447283575,-2.653140508,-3.032373731,0.5940466,1697.562321
1.52347156,1.641018373,-4.07959128,-2.846181546,0.603366733,1728.419373
2.383864676,2.147788893,-3.476271477,-3.19254653,0.553109745,1587.567501
2.052262859,2.020459013,-2.973148677,-2.951143047,0.594433575,1710.235282
2.01497947,2.241940721,-4.339628414,-3.028646132,0.563023945,1615.423102
2.321340141,2.330519571,-3.269302346,-3.579649602,0.568181963,1638.742259
2.22730281,2.665871076,-3.742398582,-3.287413229,0.553003432,1598.297872
2.115179146,1.981144245,-3.917855035,-3.011542746,0.565286327,1638.054721
2.371012731,2.058334201,-4.100178973,-3.772209392,0.554389712,1609.656038
2.439758765,1.881489263,-3.948465745,-2.97227741,0.56012752,1623.565193
1.734127614,1.893196949,-4.075409217,-2.750611764,0.572601579,1653.407466
2.118305807,2.08238563,-4.24261973,-3.365509153,0.577848872,1679.281164
2.059138922,1.621451111,-4.60309326,-3.334590123,0.559094954,1619.763254
2.053565064,2.558861363,-2.816034725,-3.254595089,0.587481011,1687.275653
1.929288458,1.403548245,-4.536193085,-3.067926278,0.580520817,1674.555688
2.445497688,2.140295984,-3.969628296,-3.069429622,0.556791234,1620.392857
1.999568475,2.51535934,-3.669134687,-3.509344724,0.577338853,1659.684653
2.308334223,1.399078104,-3.304254952,-2.716965774,0.614845113,1771.52704
2.293130183,1.458976731,-4.630320602,-3.047288649,0.570854236,1656.885247
2.007676331,2.672943991,-2.751203915,-3.102743505,0.579144698,1666.510008
2.26489378,2.344061222,-2.546806897,-3.356989115,0.59772782,1719.471478
2.033318957,2.473998278,-2.904933172,-3.102629316,0.592015075,1708.966888
2.317214881,1.978861807,-4.025916761,-3.35483285,0.553281204,1604.533315
2.303873936,1.938344779,-3.942330996,-3.050992377,0.565348929,1638.216288
2.142038336,2.210137474,-4.300244682,-3.030589272,0.564168873,1634.046981
1.980124249,2.552033343,-3.250219553,-3.251603007,0.575699785,1657.841354
1.604407568,2.512723181,-4.445427244,-3.125095382,0.596461316,1715.20037
2.233264419,2.480556892,-3.931559844,-3.492376959,0.565720798,1633.558193
1.862577289,2.097926735,-3.362767671,-3.381460545,0.571761598,1649.001784
2.137979115,2.208548869,-3.643991307,-3.581337268,0.553354644,1600.321133
1.881984833,1.504422802,-3.493662743,-2.834334642,0.596270509,1711.205624
2.307915839,2.336258841,-3.922802377,-3.574804792,0.568993306,1646.461912
2.263229052,2.033456816,-3.428700165,-3.220078749,0.58394662,1680.818147
2.361143876,2.249245808,-3.373750054,-3.295754014,0.568003786,1642.79662
1.885457807,2.815523152,-3.002744658,-3.487529757,0.58184363,1685.933083
2.273867327,2.25742212,-3.644504615,-3.096377509,0.551090072,1607.530095
2.182843817,2.35984558,-2.698893953,-3.002593401,0.586759721,1700.570707
2.314955513,1.628189517,-3.920855223,-3.039844385,0.578642463,1660.66511
1.749801404,1.81551381,-2.395824967,-3.096966275,0.636663275,1800.36757
2.115258705,1.635572799,-2.529896117,-3.122624551,0.638603585,1819.716012
2.27722776,1.795077058,-3.740986506,-3.389018249,0.563355622,1618.512117
2.071049697,2.095027274,-3.711227554,-3.192074683,0.569536401,1642.201813
1.514657844,2.321785749,-2.868210561,-3.20938367,0.617862091,1759.326226
2.070289518,1.508422142,-3.930966653,-3.079784315,0.59391354,1706.614953
2.016541667,2.441640143,-4.227529906,-2.814201191,0.574382311,1669.315323
2.37789514,1.644745267,-3.341523082,-2.80424,0.603000314,1728.722806
2.053170984,2.097689313,-3.473675943,-3.28732019,0.555192154,1626.127495
2.45605227,2.498167692,-2.65767911,-3.70835217,0.576636736,1656.776375
2.368779588,1.627238699,-4.008178994,-3.706613787,0.553848283,1600.514472
2.285363213,2.14097245,-3.710181927,-3.259936969,0.583502192,1692.409201
1.520161067,1.388831751,-2.766608706,-2.822290816,0.69108444,1931.211065
2.378426132,2.309436894,-2.766191832,-3.184357799,0.584937559,1680.97135
2.07239438,2.177541169,-3.50150538,-2.758110611,0.579763765,1670.358361
2.434555124,1.620483816,-4.17885749,-3.658995063,0.579802994,1676.197212
2.27269569,2.076739142,-2.493605785,-3.092372477,0.602856979,1708.196447
2.189598123,2.648672982,-2.813940387,-3.640067386,0.573313476,1643.848295
1.980226236,2.529813431,-3.111306084,-3.18229706,0.574066419,1660.541888
1.891713645,1.965892154,-3.404248306,-3.782968876,0.582831805,1666.504842
1.893166602,2.338675399,-4.13235698,-3.293812083,0.566344469,1639.658631
2.213868254,1.760166746,-2.655817923,-2.784628574,0.60270274,1733.938189
2.092458349,2.298868355,-3.131175352,-3.372433244,0.58506313,1685.911685
1.93690251,2.161562343,-3.49241824,-2.765286031,0.576136476,1665.793511
2.213491522,2.540992165,-2.544846545,-3.503721664,0.557779346,1615.221388
1.955604164,1.326034793,-3.310051977,-3.356859193,0.614710694,1765.173349
2.275468118,2.297766923,-3.191237021,-3.464230855,0.572123756,1661.269939
2.056832364,1.893239154,-3.350649008,-3.31281217,0.581949569,1672.378307
1.77160635,2.412014238,-3.646526963,-2.831390711,0.56892759,1642.906075
2.294573997,2.059071217,-2.674931806,-3.149936008,0.577901375,1669.111292
2.171801807,1.552258218,-4.220052807,-2.889133922,0.594997371,1712.791428
2.413748947,1.947297053,-2.854056519,-3.169044467,0.586399834,1698.511871
2.436063745,1.656521551,-3.585018926,-2.88544581,0.591231134,1700.024046
2.23019913,2.331943026,-3.27264029,-3.446107451,0.576054308,1657.59426
2.124193297,1.576660782,-3.161375092,-3.775682016,0.582026558,1671.41848
1.588846809,2.148305986,-3.503123339,-3.179306266,0.60128637,1743.529848
1.903483785,2.178691447,-3.499004082,-3.279908079,0.57410829,1656.095462
2.284442281,2.288557406,-3.254390061,-2.815102506,0.587654534,1692.350884
2.223125864,2.028525768,-3.883709111,-2.915333735,0.578966526,1674.089384
1.828694778,2.041201962,-2.996197743,-3.496135514,0.583661727,1681.262829
1.910291132,1.857698986,-3.403561794,-3.062491029,0.592549844,1713.796404
2.394784688,1.493601158,-2.717697047,-3.677606503,0.630789053,1796.785841
2.385352811,2.045826243,-3.452709144,-3.144213507,0.574327516,1647.542219
2.08423243,2.07582516,-3.535016877,-3.229122616,0.573327198,1658.661935
2.307516324,2.577146624,-2.655609592,-3.197733615,0.578274444,1663.17957
2.33905274,2.762920926,-3.96219217,-3.132640373,0.559018432,1612.894379
2.223360282,2.17221422,-3.27999141,-2.998580304,0.55218814,1589.559926
1.983619,2.21532864,-4.036753895,-3.150545847,0.605057108,1736.062102
2.376954158,2.495991049,-3.521160566,-2.790631797,0.550492129,1584.015588
2.248224976,1.754102834,-4.362286352,-2.911562354,0.572885422,1655.265116
2.4293174,2.154225269,-3.373644325,-3.147480165,0.55319767,1599.908892
1.979327003,2.798523494,-3.656776045,-3.335013792,0.577628603,1678.721853
2.103268182,2.66814962,-4.315222629,-3.187829544,0.561553924,1626.157273
2.301323008,2.435347498,-3.014471581,-2.927036311,0.568620763,1625.192086
2.020880558,2.199433609,-3.066417081,-3.145799506,0.566370804,1649.848194
2.401370269,2.799603178,-2.841899641,-3.005627174,0.548930946,1617.086176
2.066418751,2.132009484,-3.430666404,-3.249484671,0.580232595,1677.278587
2.102950228,1.949316862,-3.896676493,-3.475628773,0.555086853,1608.176017
2.250907643,2.378724172,-2.676802039,-3.555087941,0.581599759,1696.831085
2.088148809,1.92072689,-3.450167969,-3.677608994,0.584111963,1668.519738
2.177156558,2.318929784,-4.120424536,-3.398462241,0.567112494,1645.012348
2.277680156,1.683421766,-4.358458778,-2.921375698,0.576556492,1650.862255
1.590621258,1.990081587,-3.440752557,-3.234539232,0.591858994,1681.702205
1.594662594,1.930990266,-4.075950026,-3.677804629,0.577251196,1653.745985
2.270454184,1.542031681,-3.63386441,-3.126793321,0.590473285,1706.32074
2.164730967,1.995105109,-3.307728475,-3.60411426,0.584922958,1672.836977
2.395710217,1.752106657,-3.382950388,-3.499037845,0.579023098,1683.405911
1.849712383,1.569898933,-4.278545457,-3.11104902,0.578178482,1668.664969
1.741947167,2.338855099,-4.159757036,-3.438993443,0.585308977,1684.208734
2.424797037,1.950217355,-3.849409348,-3.128233721,0.572738858,1658.299783
2.054675221,1.898317001,-3.541629147,-3.210669156,0.573484388,1647.690671
2.353296607,1.952109903,-3.72121277,-2.906518685,0.556690864,1613.484694
2.209855205,2.119674814,-3.041428475,-3.122126102,0.570660791,1641.670967
2.27229412,1.552564397,-4.470179032,-3.010685848,0.556299071,1600.285233
2.418272978,2.781798167,-2.879479569,-3.038560038,0.552205531,1604.995838
2.136440305,1.840471358,-3.595750942,-2.843909426,0.587070539,1680.457405
2.322642221,1.607663716,-3.555315895,-3.11593579,0.571609296,1653.149817
1.913234247,1.344599894,-3.287461106,-2.682067059,0.612924166,1756.100723
2.390711184,1.838555587,-3.546818444,-3.129235526,0.58562675,1674.57579
2.359221449,1.789409032,-3.707321349,-3.012294517,0.58137259,1673.239562
2.170558288,1.435336,-4.222191625,-2.82775089,0.573357344,1650.780341
2.017821962,1.827268512,-3.43471444,-3.639849106,0.591671674,1705.781916
1.904786615,1.631250726,-3.978162964,-3.358313318,0.585098042,1692.941652
2.192699161,2.119059685,-3.823748405,-3.454186221,0.568563303,1647.616657
2.383108501,1.344548263,-4.350694606,-3.670658556,0.563253325,1631.678977
2.22636817,1.97015403,-3.13670416,-3.213453895,0.571726613,1640.974444
2.27223743,1.722238445,-3.954841637,-2.921233979,0.581768479,1669.623478
2.265165667,1.935917044,-3.356157278,-3.539473108,0.545794047,1592.295594
1.967440208,1.49910963,-3.321511608,-2.9917993,0.612546069,1750.38836
2.358013071,2.375290083,-2.719058359,-3.355771934,0.582504133,1680.67769
2.336222716,1.512567112,-3.438286823,-3.787453463,0.586612989,1699.044299
1.939070538,1.594181367,-3.731397979,-2.931229276,0.579379657,1653.331172
2.107903066,1.599391706,-3.898460254,-2.815750953,0.586890347,1686.974276
2.410830111,2.137023193,-3.484503317,-3.219075948,0.562387977,1633.907608
1.902377428,1.585113321,-4.034786371,-3.233968307,0.573163146,1652.561584
1.919031649,1.568412787,-3.63849847,-3.315133754,0.589564771,1704.068004
2.391644017,1.466012485,-3.748907022,-3.111016112,0.583002624,1679.617705
2.314654676,1.409611389,-4.186635349,-2.835947449,0.584438677,1684.35576
2.31606666633087,1.91108698512098,-3.39427629485925,-3.01535159008014,0.561195440882224,1626.34232156172
2.30777025958589,2.2595471798483,-3.39808402547747,-2.87764418993616,0.56493887468491,1630.42501700769
1.68186162230758,2.71712631452216,-2.90183211302205,-3.59955869148152,0.568084893695745,1646.38764399963
2.26758477764647,2.03565912116186,-3.88389392750716,-3.38199812423846,0.559771669567915,1610.39649780026
2.28505579284046,2.31408855992352,-4.57942611473388,-3.52868876539109,0.560531516032154,1620.15929733827
1.76933145593116,1.51956169450921,-4.41444290855137,-3.4087624264555,0.591280457502289,1702.48087184493
1.69109608450235,1.9002660962054,-2.98078937421676,-3.39102462828395,0.609876919937004,1742.83574456908
2.43343114711802,2.47371889351971,-3.78508855828508,-3.18805263616229,0.54796405079185,1580.63909599108
